flight_date,airline,source,destination,days_left,price
2026-10-10,Air India,Mumbai,Delhi,35,5468.0
2026-09-21,AirAsia,Kolkata,Mumbai,16,7826.0
2026-10-02,Indigo,Chennai,Delhi,27,7373.0
2026-10-07,AirAsia,Kolkata,Hyderabad,32,5474.0
2026-09-14,SpiceJet,Mumbai,Chennai,9,8861.0
2026-09-11,Vistara,Kolkata,Delhi,6,13370.0
2026-10-04,Air India,Delhi,Chennai,29,7475.0
2026-09-27,Air India,Chennai,Bangalore,22,8981.0
2026-10-17,AirAsia,Mumbai,Bangalore,42,4738.0
2026-09-17,Air India,Kolkata,Hyderabad,12,11178.0
2026-10-18,AirAsia,Chennai,Delhi,43,5121.0
2026-09-08,Vistara,Bangalore,Hyderabad,3,14848.0
2026-09-20,Indigo,Hyderabad,Kolkata,15,6809.0
2026-10-21,Air India,Chennai,Mumbai,46,7565.0
2026-09-25,Vistara,Delhi,Hyderabad,20,10251.0
2026-09-23,SpiceJet,Hyderabad,Delhi,18,6095.0
2026-09-08,Indigo,Hyderabad,Kolkata,3,10527.0
2026-10-23,Indigo,Bangalore,Delhi,48,4358.0
2026-10-19,Air India,Chennai,Mumbai,44,7451.0
2026-09-21,Air India,Hyderabad,Mumbai,16,9733.0
2026-09-30,Air India,Kolkata,Chennai,25,7365.0
2026-10-13,SpiceJet,Kolkata,Delhi,38,4761.0
2026-09-10,AirAsia,Kolkata,Bangalore,5,7756.0
2026-09-06,AirAsia,Kolkata,Delhi,1,9372.0
2026-09-08,Vistara,Delhi,Hyderabad,3,13466.0
2026-09-25,AirAsia,Hyderabad,Bangalore,20,6415.0
2026-10-20,SpiceJet,Delhi,Mumbai,45,4268.0
2026-10-14,AirAsia,Delhi,Mumbai,39,5734.0
2026-09-16,GoFirst,Mumbai,Kolkata,11,5286.0
2026-10-08,GoFirst,Hyderabad,Kolkata,33,6351.0
2026-10-14,SpiceJet,Mumbai,Kolkata,39,4253.0
2026-09-27,SpiceJet,Mumbai,Chennai,22,6307.0
2026-10-12,SpiceJet,Mumbai,Bangalore,37,6212.0
2026-10-07,Indigo,Mumbai,Chennai,32,6811.0
2026-09-24,AirAsia,Chennai,Delhi,19,6644.0
2026-10-23,GoFirst,Delhi,Bangalore,48,4175.0
2026-10-22,SpiceJet,Chennai,Hyderabad,47,3719.0
2026-09-08,Indigo,Mumbai,Bangalore,3,9843.0
2026-10-02,SpiceJet,Chennai,Mumbai,27,6916.0
2026-10-05,Indigo,Kolkata,Delhi,30,5664.0
2026-10-20,SpiceJet,Bangalore,Hyderabad,45,5653.0
2026-10-19,Vistara,Delhi,Kolkata,44,6136.0
2026-09-17,GoFirst,Kolkata,Chennai,12,6456.0
2026-09-27,SpiceJet,Bangalore,Delhi,22,7538.0
2026-09-29,GoFirst,Hyderabad,Delhi,24,4934.0
2026-10-14,Indigo,Hyderabad,Kolkata,39,4943.0
2026-09-20,GoFirst,Kolkata,Chennai,15,6250.0
2026-10-10,Air India,Hyderabad,Mumbai,35,6095.0
2026-10-02,Air India,Bangalore,Kolkata,27,8565.0
2026-09-28,Vistara,Bangalore,Kolkata,23,13057.0
2026-09-12,Indigo,Delhi,Kolkata,7,9501.0
2026-10-03,AirAsia,Bangalore,Delhi,28,6868.0
2026-10-16,Air India,Mumbai,Chennai,41,7589.0
2026-10-08,SpiceJet,Delhi,Hyderabad,33,4951.0
2026-09-21,Air India,Kolkata,Hyderabad,16,10034.0
2026-10-02,GoFirst,Delhi,Chennai,27,5396.0
2026-10-19,Vistara,Mumbai,Hyderabad,44,8810.0
2026-10-20,AirAsia,Bangalore,Delhi,45,5144.0
2026-09-16,GoFirst,Bangalore,Mumbai,11,6919.0
2026-09-25,SpiceJet,Bangalore,Kolkata,20,7473.0
2026-09-10,Indigo,Hyderabad,Mumbai,5,8482.0
2026-09-23,Indigo,Hyderabad,Chennai,18,6609.0
2026-10-04,Vistara,Kolkata,Chennai,29,11732.0
2026-09-16,SpiceJet,Bangalore,Hyderabad,11,8230.0
2026-10-08,Air India,Kolkata,Delhi,33,5923.0
2026-09-22,Indigo,Chennai,Bangalore,17,7536.0
2026-09-12,AirAsia,Delhi,Chennai,7,6764.0
2026-09-22,Vistara,Hyderabad,Mumbai,17,13785.0
2026-09-07,Indigo,Hyderabad,Bangalore,2,9912.0
2026-10-18,AirAsia,Hyderabad,Chennai,43,5323.0
2026-09-28,GoFirst,Kolkata,Delhi,23,4179.0
2026-10-19,Indigo,Chennai,Mumbai,44,6144.0
2026-09-19,Indigo,Kolkata,Chennai,14,8364.0
2026-10-17,GoFirst,Delhi,Kolkata,42,5087.0
2026-09-17,Vistara,Hyderabad,Mumbai,12,12235.0
2026-09-29,Vistara,Kolkata,Mumbai,24,9336.0
2026-10-16,SpiceJet,Chennai,Mumbai,41,5259.0
2026-10-08,GoFirst,Delhi,Hyderabad,33,3895.0
2026-09-27,GoFirst,Chennai,Hyderabad,22,6586.0
2026-09-30,Indigo,Chennai,Bangalore,25,7018.0
2026-09-13,AirAsia,Chennai,Delhi,8,7469.0
2026-09-16,SpiceJet,Delhi,Hyderabad,11,6606.0
2026-09-17,Air India,Delhi,Bangalore,12,8501.0
2026-10-04,GoFirst,Bangalore,Kolkata,29,5352.0
2026-10-10,Air India,Mumbai,Chennai,35,6968.0
2026-09-09,Air India,Chennai,Kolkata,4,8879.0
2026-10-20,Indigo,Bangalore,Kolkata,45,6061.0
2026-09-29,Air India,Bangalore,Hyderabad,24,7656.0
2026-09-27,Indigo,Mumbai,Delhi,22,8996.0
2026-09-11,GoFirst,Hyderabad,Bangalore,6,8778.0
2026-09-22,AirAsia,Hyderabad,Mumbai,17,6724.0
2026-10-04,AirAsia,Kolkata,Bangalore,29,
2026-10-04,GoFirst,Delhi,Mumbai,29,5444.0
2026-09-06,Air India,Bangalore,Chennai,1,12479.0
2026-10-12,Air India,Mumbai,Chennai,37,6436.0
2026-09-30,Indigo,Delhi,Hyderabad,25,7057.0
2026-09-12,Vistara,Bangalore,Mumbai,7,13214.0
2026-10-06,AirAsia,Delhi,Chennai,31,6037.0
2026-10-11,Vistara,Bangalore,Mumbai,36,9915.0
2026-10-10,Indigo,Bangalore,Delhi,35,5904.0
2026-10-14,GoFirst,Hyderabad,Kolkata,39,4262.0
2026-09-20,Indigo,Hyderabad,Chennai,15,7925.0
2026-09-08,Indigo,Mumbai,Kolkata,3,9341.0
2026-09-15,SpiceJet,Mumbai,Kolkata,10,8324.0
2026-10-21,Air India,Chennai,Hyderabad,46,5205.0
2026-09-07,SpiceJet,Hyderabad,Delhi,2,7794.0
2026-09-09,GoFirst,Mumbai,Bangalore,4,6877.0
2026-09-30,GoFirst,Hyderabad,Delhi,25,4979.0
2026-09-06,Indigo,Delhi,Bangalore,1,8248.0
2026-09-18,Air India,Delhi,Mumbai,13,11006.0
2026-09-14,Air India,Delhi,Mumbai,9,10527.0
2026-10-03,GoFirst,Hyderabad,Chennai,28,6687.0
2026-09-15,Vistara,Chennai,Kolkata,10,13938.0
2026-09-24,Air India,Mumbai,Kolkata,19,10183.0
2026-09-14,Vistara,Mumbai,Chennai,9,14478.0
2026-10-11,SpiceJet,Chennai,Mumbai,36,5947.0
2026-09-06,Vistara,Delhi,Kolkata,1,12636.0
2026-09-14,Indigo,Hyderabad,Delhi,9,7169.0
2026-10-08,Air India,Chennai,Delhi,33,8138.0
2026-10-15,SpiceJet,Hyderabad,Kolkata,40,5075.0
2026-09-27,Vistara,Chennai,Mumbai,22,10426.0
2026-10-15,Vistara,Kolkata,Bangalore,40,9572.0
2026-09-10,Indigo,Kolkata,Delhi,5,9024.0
2026-09-23,SpiceJet,Delhi,Bangalore,18,5917.0
2026-09-19,Vistara,Delhi,Mumbai,14,11125.0
2026-09-10,Indigo,Bangalore,Kolkata,5,8697.0
2026-10-13,Indigo,Chennai,Delhi,38,6551.0
2026-09-26,Indigo,Delhi,Hyderabad,21,6328.0
2026-09-23,SpiceJet,Chennai,Mumbai,18,7062.0
2026-10-07,Vistara,Chennai,Delhi,32,8013.0
2026-09-25,GoFirst,Chennai,Bangalore,20,7182.0
2026-10-10,SpiceJet,Chennai,Bangalore,35,5505.0
2026-10-13,Indigo,Chennai,Hyderabad,38,4856.0
2026-10-08,Indigo,Bangalore,Mumbai,33,7324.0
2026-09-19,Air India,Hyderabad,Chennai,14,9267.0
2026-09-22,Air India,Chennai,Mumbai,17,8248.0
2026-10-02,Indigo,Bangalore,Delhi,27,5167.0
2026-10-19,Indigo,Bangalore,Kolkata,44,5592.0
2026-09-08,SpiceJet,Chennai,Mumbai,3,8366.0
2026-09-12,Air India,Mumbai,Delhi,7,10636.0
2026-10-15,SpiceJet,Mumbai,Hyderabad,40,4289.0
2026-10-24,SpiceJet,Mumbai,Bangalore,49,3835.0
2026-10-09,Vistara,Hyderabad,Delhi,34,10688.0
2026-09-22,Indigo,Kolkata,Mumbai,17,7769.0
2026-09-17,SpiceJet,Hyderabad,Bangalore,12,8847.0
2026-09-20,Indigo,Hyderabad,Delhi,15,8186.0
2026-10-08,Air India,Chennai,Delhi,33,6335.0
2026-09-10,GoFirst,Bangalore,Hyderabad,5,7083.0
2026-10-20,GoFirst,Delhi,Mumbai,45,4276.0
2026-10-04,AirAsia,Mumbai,Delhi,29,7171.0
2026-09-18,GoFirst,Delhi,Chennai,13,5799.0
2026-09-09,Indigo,Delhi,Chennai,4,10391.0
2026-10-14,Air India,Delhi,Hyderabad,39,6583.0
2026-09-19,GoFirst,Mumbai,Delhi,14,5298.0
2026-10-08,Indigo,Mumbai,Hyderabad,33,5792.0
2026-10-02,Air India,Hyderabad,Mumbai,27,8252.0
2026-10-20,Indigo,Hyderabad,Bangalore,45,6187.0
2026-09-23,Vistara,Mumbai,Kolkata,18,13209.0
2026-09-12,Vistara,Delhi,Hyderabad,7,12159.0
2026-09-08,Air India,Delhi,Hyderabad,3,11051.0
2026-09-29,Air India,Mumbai,Hyderabad,24,9501.0
2026-09-18,Indigo,Bangalore,Mumbai,13,8831.0
2026-10-22,Vistara,Hyderabad,Bangalore,47,7874.0
2026-10-19,Vistara,Kolkata,Bangalore,44,9105.0
2026-09-16,AirAsia,Mumbai,Bangalore,11,7600.0
2026-09-18,AirAsia,Kolkata,Bangalore,13,7330.0
2026-09-12,SpiceJet,Chennai,Delhi,7,7309.0
2026-10-22,Vistara,Bangalore,Chennai,47,8852.0
2026-09-17,Vistara,Delhi,Kolkata,12,12033.0
2026-10-08,GoFirst,Kolkata,Mumbai,33,5354.0
2026-09-09,Air India,Bangalore,Mumbai,4,11718.0
2026-10-14,GoFirst,Hyderabad,Delhi,39,3915.0
2026-10-18,AirAsia,Hyderabad,Mumbai,43,4043.0
2026-10-02,Vistara,Hyderabad,Delhi,27,11235.0
2026-09-14,Vistara,Chennai,Delhi,9,
2026-10-19,Indigo,Hyderabad,Delhi,44,4904.0
2026-09-29,SpiceJet,Mumbai,Chennai,24,6742.0
2026-10-15,SpiceJet,Bangalore,Chennai,40,3779.0
2026-10-14,Air India,Mumbai,Bangalore,39,7485.0
2026-09-10,SpiceJet,Mumbai,Kolkata,5,8904.0
2026-09-13,Air India,Mumbai,Kolkata,8,12459.0
2026-10-17,Vistara,Bangalore,Hyderabad,42,8192.0
2026-10-11,Indigo,Hyderabad,Delhi,36,4567.0
2026-10-06,Air India,Hyderabad,Delhi,31,8046.0
2026-10-04,Indigo,Bangalore,Chennai,29,5649.0
2026-10-10,SpiceJet,Kolkata,Hyderabad,35,5661.0
2026-10-04,Vistara,Kolkata,Delhi,29,8018.0
2026-09-27,GoFirst,Delhi,Bangalore,22,4798.0
2026-10-06,Indigo,Kolkata,Mumbai,31,7934.0
2026-10-01,Air India,Delhi,Hyderabad,26,8738.0
2026-10-03,SpiceJet,Chennai,Bangalore,28,4613.0
2026-10-23,Indigo,Bangalore,Hyderabad,48,4147.0
2026-10-18,GoFirst,Chennai,Hyderabad,43,4752.0
2026-09-26,Indigo,Kolkata,Bangalore,21,8222.0
2026-09-13,Indigo,Chennai,Mumbai,8,8202.0
2026-09-19,Air India,Mumbai,Bangalore,14,8483.0
2026-09-08,Vistara,Hyderabad,Mumbai,3,12644.0
2026-10-12,AirAsia,Mumbai,Kolkata,37,6410.0
2026-09-26,Indigo,Hyderabad,Delhi,21,7050.0
2026-09-29,AirAsia,Chennai,Hyderabad,24,6349.0
2026-09-20,Indigo,Hyderabad,Chennai,15,8615.0
2026-10-07,Vistara,Bangalore,Kolkata,32,10424.0
2026-10-14,Vistara,Kolkata,Hyderabad,39,10332.0
2026-10-19,AirAsia,Bangalore,Kolkata,44,4091.0
2026-09-12,Indigo,Mumbai,Chennai,7,7947.0
2026-09-21,Vistara,Bangalore,Hyderabad,16,12956.0
2026-09-21,SpiceJet,Delhi,Mumbai,16,5888.0
2026-10-17,GoFirst,Mumbai,Delhi,42,4932.0
2026-09-20,SpiceJet,Chennai,Kolkata,15,7522.0
2026-10-15,AirAsia,Bangalore,Kolkata,40,3308.0
2026-09-27,Air India,Kolkata,Chennai,22,9143.0
2026-09-07,SpiceJet,Hyderabad,Delhi,2,7800.0
2026-10-04,SpiceJet,Bangalore,Hyderabad,29,6342.0
2026-09-18,AirAsia,Hyderabad,Kolkata,13,6958.0
2026-09-21,AirAsia,Mumbai,Kolkata,16,8066.0
2026-09-12,SpiceJet,Mumbai,Bangalore,7,7187.0
2026-09-20,AirAsia,Bangalore,Kolkata,15,7487.0
2026-10-08,SpiceJet,Kolkata,Hyderabad,33,4507.0
2026-09-13,SpiceJet,Bangalore,Hyderabad,8,9135.0
2026-09-06,AirAsia,Kolkata,Delhi,1,7326.0
2026-10-08,SpiceJet,Bangalore,Delhi,33,5073.0
2026-10-12,GoFirst,Hyderabad,Mumbai,37,4288.0
2026-09-28,Vistara,Mumbai,Chennai,23,12464.0
2026-10-12,GoFirst,Chennai,Delhi,37,5915.0
2026-09-12,Air India,Chennai,Mumbai,7,9269.0
2026-09-19,AirAsia,Kolkata,Hyderabad,14,7198.0
2026-10-19,Air India,Delhi,Hyderabad,44,7193.0
2026-09-10,Indigo,Delhi,Chennai,5,9166.0
2026-09-13,SpiceJet,Hyderabad,Mumbai,8,6127.0
2026-09-29,Air India,Mumbai,Hyderabad,24,9168.0
2026-10-13,Air India,Hyderabad,Mumbai,38,6866.0
2026-10-09,SpiceJet,Hyderabad,Kolkata,34,6213.0
2026-10-11,AirAsia,Chennai,Kolkata,36,4702.0
2026-09-24,Air India,Bangalore,Hyderabad,19,8568.0
2026-09-08,Indigo,Kolkata,Chennai,3,8370.0
2026-10-18,Indigo,Bangalore,Chennai,43,6345.0
2026-09-13,Vistara,Delhi,Bangalore,8,14327.0
2026-10-02,SpiceJet,Bangalore,Kolkata,27,6140.0
2026-09-24,Air India,Bangalore,Delhi,19,9962.0
2026-09-27,Air India,Chennai,Delhi,22,9061.0
2026-10-23,Vistara,Kolkata,Mumbai,48,6270.0
2026-09-15,Air India,Delhi,Hyderabad,10,10653.0
2026-09-11,Air India,Bangalore,Delhi,6,12252.0
2026-10-24,Air India,Bangalore,Hyderabad,49,7702.0
2026-09-27,AirAsia,Delhi,Mumbai,22,6613.0
2026-10-17,GoFirst,Bangalore,Kolkata,42,3062.0
2026-10-01,Indigo,Delhi,Bangalore,26,6416.0
2026-10-12,GoFirst,Chennai,Bangalore,37,3608.0
2026-09-20,Vistara,Kolkata,Chennai,15,12677.0
2026-10-24,GoFirst,Hyderabad,Mumbai,49,4106.0
2026-09-16,GoFirst,Bangalore,Hyderabad,11,
2026-09-07,Indigo,Hyderabad,Delhi,2,10683.0
2026-09-22,Vistara,Bangalore,Hyderabad,17,12295.0
2026-09-26,Air India,Delhi,Hyderabad,21,8246.0
2026-10-04,GoFirst,Mumbai,Hyderabad,29,4754.0
2026-10-21,Vistara,Chennai,Mumbai,46,8064.0
2026-10-07,Vistara,Kolkata,Delhi,32,9365.0
2026-10-20,AirAsia,Delhi,Chennai,45,3807.0
2026-10-19,GoFirst,Kolkata,Delhi,44,3833.0
2026-09-13,Indigo,Bangalore,Kolkata,8,7761.0
2026-10-08,Air India,Kolkata,Mumbai,33,9317.0
2026-10-13,Vistara,Chennai,Bangalore,38,8953.0
2026-10-16,GoFirst,Chennai,Delhi,41,3509.0
2026-10-22,Vistara,Mumbai,Bangalore,47,7721.0
2026-09-14,Indigo,Chennai,Bangalore,9,8806.0
2026-10-06,SpiceJet,Mumbai,Delhi,31,6321.0
2026-09-25,Air India,Mumbai,Hyderabad,20,9267.0
2026-10-20,Indigo,Kolkata,Hyderabad,45,5312.0
2026-10-11,Indigo,Kolkata,Mumbai,36,5629.0
2026-10-05,SpiceJet,Kolkata,Delhi,30,6990.0
2026-09-23,AirAsia,Hyderabad,Bangalore,18,7098.0
2026-09-12,Vistara,Bangalore,Mumbai,7,14298.0
2026-09-25,Vistara,Hyderabad,Kolkata,20,10571.0
2026-09-12,SpiceJet,Mumbai,Chennai,7,7014.0
2026-10-17,Air India,Bangalore,Hyderabad,42,7331.0
2026-09-09,AirAsia,Kolkata,Bangalore,4,7091.0
2026-09-08,GoFirst,Hyderabad,Chennai,3,7948.0
2026-09-11,Indigo,Bangalore,Mumbai,6,7146.0
2026-10-15,Air India,Chennai,Delhi,40,5246.0
2026-09-29,Indigo,Delhi,Bangalore,24,8574.0
2026-09-14,Air India,Mumbai,Kolkata,9,9964.0
2026-10-06,Indigo,Hyderabad,Delhi,31,6385.0
2026-09-18,Vistara,Bangalore,Mumbai,13,11766.0
2026-10-06,Air India,Chennai,Bangalore,31,8354.0
2026-09-17,GoFirst,Bangalore,Chennai,12,7235.0
2026-09-13,AirAsia,Chennai,Bangalore,8,8001.0
2026-10-06,Air India,Kolkata,Hyderabad,31,8494.0
2026-09-23,SpiceJet,Bangalore,Mumbai,18,6353.0
2026-09-13,AirAsia,Mumbai,Hyderabad,8,7188.0
2026-09-15,GoFirst,Delhi,Kolkata,10,7025.0
2026-09-11,GoFirst,Bangalore,Chennai,6,7991.0
2026-09-09,GoFirst,Hyderabad,Bangalore,4,5912.0
2026-09-21,Indigo,Mumbai,Bangalore,16,7603.0
2026-10-18,Indigo,Delhi,Mumbai,43,4613.0
2026-09-19,Air India,Bangalore,Chennai,14,7750.0
2026-09-17,GoFirst,Bangalore,Delhi,12,8042.0
2026-09-11,Indigo,Bangalore,Delhi,6,9881.0
2026-09-25,Vistara,Hyderabad,Chennai,20,10975.0
2026-10-18,Air India,Bangalore,Kolkata,43,6644.0
2026-10-16,Indigo,Bangalore,Hyderabad,41,5166.0
2026-10-01,SpiceJet,Bangalore,Chennai,26,7234.0
2026-09-22,Vistara,Chennai,Delhi,17,9347.0
2026-10-15,Vistara,Bangalore,Chennai,40,9260.0
2026-09-16,GoFirst,Hyderabad,Mumbai,11,7084.0
2026-10-01,GoFirst,Mumbai,Bangalore,26,6350.0
2026-09-14,Air India,Chennai,Hyderabad,9,8759.0
2026-10-12,GoFirst,Kolkata,Chennai,37,3348.0
2026-09-14,Air India,Bangalore,Kolkata,9,11340.0
2026-09-28,Indigo,Kolkata,Chennai,23,7302.0
2026-10-23,AirAsia,Delhi,Chennai,48,3640.0
2026-09-23,Vistara,Mumbai,Hyderabad,18,
2026-10-13,AirAsia,Mumbai,Bangalore,38,4197.0
2026-10-12,GoFirst,Kolkata,Delhi,37,5382.0
2026-09-17,SpiceJet,Kolkata,Mumbai,12,6955.0
2026-09-16,AirAsia,Kolkata,Chennai,11,5841.0
2026-09-10,Indigo,Mumbai,Chennai,5,7865.0
2026-10-11,GoFirst,Bangalore,Kolkata,36,4091.0
2026-10-21,GoFirst,Mumbai,Kolkata,46,4948.0
2026-09-14,Vistara,Chennai,Kolkata,9,10528.0
2026-10-02,AirAsia,Bangalore,Hyderabad,27,5397.0
2026-09-11,Air India,Mumbai,Kolkata,6,11880.0
2026-10-08,Indigo,Mumbai,Bangalore,33,7183.0
2026-09-11,Vistara,Mumbai,Chennai,6,12043.0
2026-09-11,Indigo,Mumbai,Bangalore,6,8797.0
2026-10-06,Indigo,Kolkata,Mumbai,31,4848.0
2026-09-10,Indigo,Bangalore,Kolkata,5,8028.0
2026-09-30,Indigo,Bangalore,Delhi,25,7321.0
2026-09-11,Air India,Hyderabad,Delhi,6,11135.0
2026-09-07,SpiceJet,Hyderabad,Delhi,2,6840.0
2026-09-28,GoFirst,Kolkata,Delhi,23,6457.0
2026-09-23,Indigo,Hyderabad,Bangalore,18,8575.0
2026-10-09,Vistara,Mumbai,Kolkata,34,7502.0
2026-10-07,Air India,Mumbai,Delhi,32,6134.0
2026-10-16,Vistara,Bangalore,Delhi,41,6582.0
2026-10-03,AirAsia,Delhi,Hyderabad,28,4163.0
2026-09-29,Vistara,Delhi,Bangalore,24,10429.0
2026-09-22,GoFirst,Delhi,Chennai,17,6799.0
2026-10-09,GoFirst,Kolkata,Mumbai,34,6249.0
2026-10-22,SpiceJet,Bangalore,Hyderabad,47,4280.0
2026-10-07,SpiceJet,Kolkata,Hyderabad,32,4746.0
2026-10-04,AirAsia,Bangalore,Delhi,29,6093.0
2026-09-06,Air India,Bangalore,Mumbai,1,12704.0
2026-09-25,Air India,Mumbai,Chennai,20,9434.0
2026-09-18,Vistara,Delhi,Hyderabad,13,13767.0
2026-09-13,AirAsia,Delhi,Mumbai,8,7355.0
2026-09-21,Vistara,Kolkata,Mumbai,16,11906.0
2026-10-03,AirAsia,Hyderabad,Mumbai,28,6720.0
2026-09-13,Air India,Delhi,Mumbai,8,10111.0
2026-09-27,GoFirst,Delhi,Mumbai,22,6822.0
2026-09-14,Vistara,Bangalore,Kolkata,9,14345.0
2026-09-25,GoFirst,Chennai,Bangalore,20,6427.0
2026-10-14,SpiceJet,Hyderabad,Bangalore,39,5148.0
2026-10-13,Indigo,Chennai,Delhi,38,5204.0
2026-10-23,Vistara,Hyderabad,Mumbai,48,8543.0
2026-10-11,Vistara,Chennai,Bangalore,36,9860.0
2026-10-22,Vistara,Chennai,Delhi,47,6472.0
2026-09-09,Air India,Hyderabad,Kolkata,4,11357.0
2026-10-01,AirAsia,Bangalore,Kolkata,26,5405.0
2026-10-02,Air India,Kolkata,Chennai,27,9330.0
2026-10-16,SpiceJet,Chennai,Delhi,41,4497.0
2026-09-24,AirAsia,Hyderabad,Kolkata,19,6114.0
2026-10-16,Vistara,Chennai,Kolkata,41,8024.0
2026-09-16,GoFirst,Chennai,Hyderabad,11,6581.0
2026-10-20,GoFirst,Delhi,Hyderabad,45,3053.0
2026-09-21,SpiceJet,Hyderabad,Kolkata,16,8000.0
2026-09-28,Vistara,Hyderabad,Mumbai,23,10042.0
2026-09-11,Air India,Kolkata,Chennai,6,9283.0
2026-09-17,AirAsia,Bangalore,Hyderabad,12,6070.0
2026-10-07,SpiceJet,Delhi,Kolkata,32,5313.0
2026-09-22,GoFirst,Mumbai,Delhi,17,6759.0
2026-10-20,SpiceJet,Hyderabad,Kolkata,45,5264.0
2026-09-09,Air India,Delhi,Kolkata,4,9472.0
2026-10-21,AirAsia,Bangalore,Delhi,46,4184.0
2026-10-03,GoFirst,Mumbai,Kolkata,28,4914.0
2026-10-06,AirAsia,Hyderabad,Bangalore,31,6034.0
2026-10-18,Vistara,Chennai,Delhi,43,6850.0
2026-09-08,Air India,Chennai,Delhi,3,12304.0
2026-10-17,Air India,Delhi,Mumbai,42,6894.0
2026-10-04,Air India,Mumbai,Chennai,29,7270.0
2026-10-05,SpiceJet,Bangalore,Kolkata,30,
2026-09-26,Indigo,Bangalore,Hyderabad,21,6370.0
2026-10-01,Vistara,Delhi,Kolkata,26,12000.0
2026-10-12,AirAsia,Delhi,Hyderabad,37,5374.0
2026-09-10,GoFirst,Chennai,Bangalore,5,7311.0
2026-10-14,Air India,Chennai,Mumbai,39,8401.0
2026-09-09,SpiceJet,Hyderabad,Mumbai,4,9492.0
2026-09-16,Vistara,Kolkata,Hyderabad,11,12208.0
2026-10-14,AirAsia,Bangalore,Delhi,39,5618.0
2026-09-07,Air India,Chennai,Delhi,2,11239.0
2026-10-03,GoFirst,Bangalore,Mumbai,28,6135.0
2026-10-23,Vistara,Kolkata,Mumbai,48,6757.0
2026-09-22,Vistara,Kolkata,Chennai,17,12452.0
2026-10-10,Vistara,Bangalore,Kolkata,35,10631.0
2026-10-14,SpiceJet,Hyderabad,Delhi,39,6197.0
2026-10-09,SpiceJet,Hyderabad,Chennai,34,6358.0
2026-10-02,Indigo,Mumbai,Chennai,27,7371.0
2026-09-25,Vistara,Mumbai,Delhi,20,9441.0
2026-09-12,Vistara,Hyderabad,Bangalore,7,12747.0
2026-10-02,Air India,Delhi,Mumbai,27,8270.0
2026-10-20,GoFirst,Delhi,Hyderabad,45,4865.0
2026-10-06,Air India,Mumbai,Delhi,31,5785.0
2026-09-14,GoFirst,Kolkata,Delhi,9,6142.0
2026-10-15,AirAsia,Hyderabad,Chennai,40,5469.0
2026-10-09,GoFirst,Mumbai,Hyderabad,34,5091.0
2026-09-26,Vistara,Delhi,Mumbai,21,9536.0
2026-09-17,Air India,Mumbai,Hyderabad,12,10543.0
2026-10-23,Air India,Kolkata,Hyderabad,48,3840.0
2026-10-21,SpiceJet,Chennai,Hyderabad,46,3899.0
2026-10-01,AirAsia,Hyderabad,Mumbai,26,6004.0
2026-09-19,AirAsia,Bangalore,Chennai,14,7332.0
2026-09-18,AirAsia,Delhi,Mumbai,13,8382.0
2026-09-30,Vistara,Hyderabad,Bangalore,25,9700.0
2026-10-07,SpiceJet,Hyderabad,Delhi,32,4665.0
2026-09-13,Vistara,Chennai,Delhi,8,10831.0
2026-09-30,SpiceJet,Kolkata,Chennai,25,6839.0
2026-10-03,Vistara,Delhi,Hyderabad,28,11868.0
2026-09-25,Air India,Mumbai,Delhi,20,10243.0
2026-09-07,GoFirst,Kolkata,Bangalore,2,6639.0
2026-09-11,GoFirst,Hyderabad,Bangalore,6,7064.0
2026-09-18,SpiceJet,Hyderabad,Bangalore,13,8671.0
2026-10-24,SpiceJet,Chennai,Kolkata,49,4356.0
2026-10-16,Indigo,Mumbai,Chennai,41,5806.0
2026-10-18,AirAsia,Chennai,Hyderabad,43,3719.0
2026-09-14,GoFirst,Mumbai,Chennai,9,6083.0
2026-09-10,Indigo,Bangalore,Hyderabad,5,9036.0
2026-10-23,Vistara,Chennai,Hyderabad,48,7338.0
2026-09-13,GoFirst,Kolkata,Hyderabad,8,5845.0
2026-09-17,Air India,Kolkata,Delhi,12,10522.0
2026-10-24,AirAsia,Delhi,Bangalore,49,3444.0
2026-10-02,AirAsia,Kolkata,Mumbai,27,5821.0
2026-09-27,Indigo,Kolkata,Bangalore,22,7133.0
2026-09-20,Air India,Chennai,Hyderabad,15,9675.0
2026-10-18,Air India,Delhi,Bangalore,43,6849.0
2026-10-17,GoFirst,Bangalore,Kolkata,42,4349.0
2026-10-09,Indigo,Mumbai,Hyderabad,34,6655.0
2026-09-15,AirAsia,Mumbai,Bangalore,10,6395.0
2026-10-04,Vistara,Hyderabad,Chennai,29,7535.0
2026-09-17,GoFirst,Delhi,Bangalore,12,6664.0
2026-10-18,GoFirst,Mumbai,Chennai,43,5017.0
2026-10-04,GoFirst,Hyderabad,Bangalore,29,4707.0
2026-09-14,Indigo,Kolkata,Delhi,9,9402.0
2026-10-11,Air India,Kolkata,Chennai,36,6949.0
2026-09-23,GoFirst,Delhi,Bangalore,18,7188.0
2026-10-10,AirAsia,Delhi,Bangalore,35,4931.0
2026-09-16,Vistara,Chennai,Hyderabad,11,13747.0
2026-10-05,Indigo,Chennai,Hyderabad,30,6186.0
2026-09-17,AirAsia,Mumbai,Kolkata,12,6335.0
2026-09-19,Air India,Delhi,Chennai,14,10774.0
2026-09-07,SpiceJet,Kolkata,Bangalore,2,8371.0
2026-10-19,AirAsia,Chennai,Mumbai,44,4933.0
2026-09-11,Indigo,Kolkata,Bangalore,6,8437.0
2026-09-19,Indigo,Delhi,Bangalore,14,9799.0
2026-09-30,Air India,Chennai,Hyderabad,25,7762.0
2026-10-03,Indigo,Kolkata,Delhi,28,7197.0
2026-09-26,AirAsia,Chennai,Bangalore,21,6430.0
2026-10-24,SpiceJet,Chennai,Bangalore,49,3923.0
2026-10-03,AirAsia,Bangalore,Delhi,28,5831.0
2026-09-27,SpiceJet,Kolkata,Hyderabad,22,6404.0
2026-09-21,Indigo,Chennai,Mumbai,16,7859.0
2026-10-07,SpiceJet,Bangalore,Delhi,32,5019.0
2026-10-08,Indigo,Chennai,Hyderabad,33,6554.0
2026-10-07,AirAsia,Hyderabad,Kolkata,32,6818.0
2026-10-17,AirAsia,Hyderabad,Bangalore,42,4433.0
2026-10-13,Indigo,Mumbai,Bangalore,38,6276.0
2026-09-15,Indigo,Mumbai,Delhi,10,9600.0
2026-09-07,SpiceJet,Kolkata,Chennai,2,7384.0
2026-10-10,AirAsia,Delhi,Chennai,35,5797.0
2026-09-10,GoFirst,Mumbai,Kolkata,5,7822.0
2026-10-12,Indigo,Kolkata,Hyderabad,37,5937.0
2026-09-21,Indigo,Hyderabad,Bangalore,16,6995.0
2026-09-17,GoFirst,Hyderabad,Chennai,12,7460.0
2026-10-08,Air India,Bangalore,Kolkata,33,6437.0
2026-10-10,Vistara,Mumbai,Delhi,35,7325.0
2026-09-27,AirAsia,Chennai,Hyderabad,22,6705.0
2026-09-22,Air India,Bangalore,Delhi,17,8097.0
2026-09-21,AirAsia,Kolkata,Bangalore,16,5316.0
2026-09-24,SpiceJet,Chennai,Kolkata,19,7703.0
2026-09-24,GoFirst,Hyderabad,Bangalore,19,6560.0
2026-10-23,Indigo,Kolkata,Delhi,48,6138.0
2026-10-05,SpiceJet,Kolkata,Chennai,30,7289.0
2026-10-02,Air India,Chennai,Delhi,27,7367.0
2026-09-20,Air India,Chennai,Delhi,15,8773.0
2026-09-21,Vistara,Mumbai,Hyderabad,16,13179.0
2026-10-01,AirAsia,Bangalore,Hyderabad,26,4938.0
2026-10-03,AirAsia,Bangalore,Hyderabad,28,6214.0
2026-09-26,GoFirst,Bangalore,Chennai,21,7286.0
2026-09-25,Indigo,Kolkata,Bangalore,20,8761.0
2026-09-26,Indigo,Chennai,Hyderabad,21,6756.0
2026-10-09,Vistara,Mumbai,Kolkata,34,8195.0
2026-09-18,Air India,Bangalore,Delhi,13,8566.0
2026-09-25,GoFirst,Chennai,Hyderabad,20,5845.0
2026-09-09,Air India,Bangalore,Hyderabad,4,11183.0
2026-09-28,Vistara,Kolkata,Chennai,23,8734.0
2026-09-21,Vistara,Hyderabad,Bangalore,16,11138.0
2026-09-09,GoFirst,Hyderabad,Kolkata,4,7799.0
2026-09-10,GoFirst,Bangalore,Chennai,5,7628.0
2026-10-23,AirAsia,Chennai,Hyderabad,48,4959.0
2026-10-16,AirAsia,Bangalore,Hyderabad,41,5053.0
2026-09-20,SpiceJet,Hyderabad,Kolkata,15,7271.0
2026-09-16,SpiceJet,Bangalore,Hyderabad,11,8894.0
2026-09-08,AirAsia,Delhi,Chennai,3,8820.0
2026-10-18,Air India,Delhi,Mumbai,43,5837.0
2026-10-18,AirAsia,Mumbai,Kolkata,43,4592.0
2026-10-20,AirAsia,Delhi,Mumbai,45,3804.0
2026-09-13,Air India,Delhi,Kolkata,8,9796.0
2026-09-14,GoFirst,Kolkata,Mumbai,9,6335.0
2026-09-22,Indigo,Chennai,Delhi,17,6936.0
2026-10-16,AirAsia,Delhi,Kolkata,41,4423.0
2026-10-09,SpiceJet,Hyderabad,Bangalore,34,5326.0
2026-10-17,Air India,Hyderabad,Kolkata,42,6504.0
2026-10-11,GoFirst,Bangalore,Chennai,36,4148.0
2026-09-15,AirAsia,Bangalore,Hyderabad,10,8044.0
2026-10-19,AirAsia,Hyderabad,Bangalore,44,3384.0
2026-09-28,GoFirst,Chennai,Hyderabad,23,4968.0
2026-09-10,Air India,Kolkata,Hyderabad,5,12250.0
2026-10-06,AirAsia,Hyderabad,Mumbai,31,4972.0
2026-09-21,Indigo,Chennai,Delhi,16,8940.0
2026-09-14,AirAsia,Bangalore,Kolkata,9,8046.0
2026-09-18,SpiceJet,Bangalore,Mumbai,13,8464.0
2026-09-06,Indigo,Delhi,Mumbai,1,11048.0
2026-09-23,AirAsia,Kolkata,Mumbai,18,6914.0
2026-10-11,GoFirst,Kolkata,Hyderabad,36,4675.0
2026-10-13,Indigo,Bangalore,Delhi,38,5790.0
2026-09-26,GoFirst,Hyderabad,Bangalore,21,6078.0
2026-10-01,SpiceJet,Chennai,Delhi,26,7202.0
2026-10-20,Vistara,Delhi,Bangalore,45,9092.0
2026-10-03,Vistara,Mumbai,Bangalore,28,10239.0
2026-10-01,Vistara,Mumbai,Bangalore,26,8513.0
2026-09-30,Air India,Bangalore,Chennai,25,8550.0
2026-09-15,Vistara,Kolkata,Bangalore,10,10797.0
2026-10-03,Air India,Chennai,Mumbai,28,9653.0
2026-09-18,Indigo,Chennai,Hyderabad,13,8155.0
2026-09-24,SpiceJet,Kolkata,Mumbai,19,5362.0
2026-10-07,Indigo,Delhi,Bangalore,32,4376.0
2026-09-16,AirAsia,Delhi,Hyderabad,11,7456.0
2026-09-23,Indigo,Bangalore,Kolkata,18,8988.0
2026-10-24,GoFirst,Chennai,Kolkata,49,4224.0
2026-10-21,AirAsia,Kolkata,Delhi,46,4198.0
2026-10-24,Vistara,Hyderabad,Delhi,49,7214.0
2026-10-14,SpiceJet,Kolkata,Delhi,39,6042.0
2026-10-14,Air India,Chennai,Bangalore,39,7968.0
2026-10-16,AirAsia,Mumbai,Chennai,41,5983.0
2026-09-25,AirAsia,Delhi,Kolkata,20,
2026-09-20,SpiceJet,Mumbai,Kolkata,15,6602.0
2026-09-12,Air India,Kolkata,Mumbai,7,11046.0
2026-09-26,GoFirst,Delhi,Bangalore,21,5785.0
2026-10-03,AirAsia,Kolkata,Hyderabad,28,6065.0
2026-10-08,SpiceJet,Kolkata,Bangalore,33,6603.0
2026-10-03,Vistara,Chennai,Hyderabad,28,7654.0
2026-10-18,Air India,Chennai,Delhi,43,6995.0
2026-09-06,Air India,Delhi,Mumbai,1,10570.0
2026-09-15,SpiceJet,Delhi,Mumbai,10,6963.0
2026-09-23,GoFirst,Bangalore,Kolkata,18,6176.0
2026-10-11,GoFirst,Bangalore,Delhi,36,3618.0
2026-09-29,Air India,Mumbai,Bangalore,24,6989.0
2026-09-26,SpiceJet,Bangalore,Kolkata,21,5952.0
2026-09-30,Air India,Kolkata,Bangalore,25,8680.0
2026-09-22,Air India,Bangalore,Hyderabad,17,10159.0
2026-09-16,SpiceJet,Kolkata,Hyderabad,11,7340.0
2026-10-12,Indigo,Mumbai,Delhi,37,7010.0
2026-09-19,AirAsia,Chennai,Kolkata,14,7313.0
2026-10-22,Vistara,Bangalore,Hyderabad,47,7278.0
2026-09-18,Indigo,Bangalore,Chennai,13,8282.0
2026-10-04,Air India,Mumbai,Chennai,29,8752.0
2026-10-12,Vistara,Hyderabad,Mumbai,37,9063.0
2026-10-02,Air India,Hyderabad,Delhi,27,6445.0
2026-10-05,Vistara,Chennai,Delhi,30,10202.0
2026-09-16,GoFirst,Delhi,Bangalore,11,6487.0
2026-10-15,Vistara,Delhi,Bangalore,40,5951.0
2026-10-11,Indigo,Kolkata,Bangalore,36,5282.0
2026-10-14,GoFirst,Kolkata,Chennai,39,3344.0
2026-09-11,SpiceJet,Hyderabad,Bangalore,6,7282.0
2026-09-27,AirAsia,Bangalore,Hyderabad,22,5597.0
2026-09-08,Indigo,Mumbai,Hyderabad,3,9775.0
2026-09-20,SpiceJet,Delhi,Mumbai,15,
2026-09-06,GoFirst,Hyderabad,Chennai,1,7136.0
2026-09-20,SpiceJet,Chennai,Kolkata,15,8387.0
2026-10-11,AirAsia,Delhi,Hyderabad,36,5738.0
2026-09-18,AirAsia,Kolkata,Hyderabad,13,7563.0
2026-10-23,Vistara,Chennai,Mumbai,48,6857.0
2026-10-15,GoFirst,Kolkata,Mumbai,40,4349.0
2026-10-21,AirAsia,Mumbai,Kolkata,46,4853.0
2026-09-09,SpiceJet,Mumbai,Kolkata,4,7173.0
2026-10-08,GoFirst,Hyderabad,Bangalore,33,4382.0
2026-10-17,SpiceJet,Mumbai,Hyderabad,42,4616.0
2026-10-04,GoFirst,Delhi,Kolkata,29,4499.0
2026-09-24,SpiceJet,Hyderabad,Chennai,19,7096.0
2026-09-29,GoFirst,Mumbai,Delhi,24,6258.0
2026-10-13,Vistara,Chennai,Hyderabad,38,6450.0
2026-09-22,Vistara,Chennai,Kolkata,17,11355.0
2026-10-20,SpiceJet,Hyderabad,Delhi,45,3548.0
2026-10-22,AirAsia,Delhi,Bangalore,47,3583.0
2026-10-10,Air India,Delhi,Mumbai,35,6123.0
2026-10-18,SpiceJet,Mumbai,Bangalore,43,4030.0
2026-09-07,AirAsia,Chennai,Kolkata,2,7507.0
2026-10-02,Air India,Hyderabad,Mumbai,27,8974.0
2026-10-10,AirAsia,Mumbai,Chennai,35,5128.0
2026-09-11,Air India,Bangalore,Delhi,6,8894.0
2026-10-10,AirAsia,Chennai,Bangalore,35,4871.0
2026-09-11,Indigo,Chennai,Bangalore,6,
2026-09-14,Vistara,Kolkata,Bangalore,9,12311.0
2026-10-20,Air India,Mumbai,Bangalore,45,4919.0
2026-10-20,SpiceJet,Hyderabad,Mumbai,45,3391.0
2026-09-23,SpiceJet,Kolkata,Mumbai,18,6131.0
2026-10-19,SpiceJet,Kolkata,Hyderabad,44,4488.0
2026-10-24,AirAsia,Chennai,Delhi,49,4548.0
2026-10-14,Air India,Mumbai,Kolkata,39,7690.0
2026-09-29,AirAsia,Kolkata,Hyderabad,24,6566.0
2026-09-16,Vistara,Delhi,Hyderabad,11,11188.0
2026-10-18,Air India,Hyderabad,Delhi,43,4934.0
2026-09-24,AirAsia,Kolkata,Mumbai,19,6753.0
2026-10-15,Vistara,Bangalore,Hyderabad,40,8998.0
2026-10-20,AirAsia,Hyderabad,Chennai,45,5085.0
2026-10-23,Air India,Hyderabad,Mumbai,48,4070.0
2026-10-06,Vistara,Chennai,Mumbai,31,8473.0
2026-09-12,AirAsia,Bangalore,Chennai,7,6742.0
2026-10-01,Air India,Delhi,Chennai,26,9052.0
2026-10-05,AirAsia,Chennai,Kolkata,30,6642.0
2026-09-23,Indigo,Hyderabad,Delhi,18,
2026-09-26,SpiceJet,Bangalore,Chennai,21,6314.0
2026-10-03,SpiceJet,Chennai,Mumbai,28,5510.0
2026-09-17,Vistara,Delhi,Kolkata,12,13696.0
2026-09-26,GoFirst,Bangalore,Chennai,21,6725.0
2026-10-15,GoFirst,Bangalore,Mumbai,40,3571.0
2026-09-20,Indigo,Chennai,Mumbai,15,6664.0
2026-10-12,Air India,Delhi,Mumbai,37,8989.0
2026-10-08,Vistara,Hyderabad,Delhi,33,9712.0
2026-10-11,Indigo,Hyderabad,Kolkata,36,6606.0
2026-10-23,Vistara,Hyderabad,Kolkata,48,8910.0
2026-10-14,Air India,Chennai,Bangalore,39,7092.0
2026-09-28,SpiceJet,Mumbai,Hyderabad,23,6193.0
2026-10-19,AirAsia,Delhi,Bangalore,44,2883.0
2026-10-06,SpiceJet,Kolkata,Delhi,31,5772.0
2026-09-16,GoFirst,Kolkata,Mumbai,11,6033.0
2026-09-28,Air India,Hyderabad,Delhi,23,9237.0
2026-09-22,SpiceJet,Chennai,Kolkata,17,7674.0
2026-10-16,Vistara,Chennai,Bangalore,41,8480.0
2026-10-11,Air India,Chennai,Bangalore,36,8936.0
2026-10-09,SpiceJet,Bangalore,Chennai,34,5245.0
2026-09-26,Air India,Chennai,Hyderabad,21,8894.0
2026-09-24,Vistara,Chennai,Bangalore,19,11555.0
2026-10-19,Air India,Delhi,Hyderabad,44,6290.0
2026-10-13,AirAsia,Kolkata,Chennai,38,3752.0
2026-10-12,GoFirst,Chennai,Kolkata,37,3869.0
2026-09-07,Indigo,Chennai,Bangalore,2,9223.0
2026-10-16,AirAsia,Hyderabad,Bangalore,41,4434.0
2026-10-14,Air India,Kolkata,Hyderabad,39,7160.0
2026-09-14,AirAsia,Bangalore,Mumbai,9,6196.0
2026-09-15,GoFirst,Mumbai,Kolkata,10,8083.0
2026-09-16,Vistara,Delhi,Chennai,11,14086.0
2026-10-04,Air India,Kolkata,Delhi,29,8793.0
2026-10-10,GoFirst,Delhi,Chennai,35,4530.0
2026-09-21,Indigo,Chennai,Kolkata,16,9256.0
2026-10-15,Air India,Mumbai,Bangalore,40,5800.0
2026-10-24,Vistara,Hyderabad,Chennai,49,7305.0
2026-10-06,SpiceJet,Bangalore,Delhi,31,6506.0
2026-09-23,Air India,Mumbai,Chennai,18,
2026-09-23,Vistara,Hyderabad,Kolkata,18,12915.0
2026-10-21,GoFirst,Chennai,Kolkata,46,4295.0
2026-10-14,Indigo,Bangalore,Chennai,39,7127.0
2026-09-10,AirAsia,Bangalore,Mumbai,5,8652.0
2026-10-14,AirAsia,Delhi,Kolkata,39,3905.0
2026-10-05,SpiceJet,Hyderabad,Chennai,30,5582.0
2026-09-30,SpiceJet,Kolkata,Bangalore,25,5411.0
2026-09-28,Air India,Chennai,Hyderabad,23,7749.0
2026-09-28,SpiceJet,Kolkata,Hyderabad,23,
2026-09-25,AirAsia,Chennai,Mumbai,20,6530.0
2026-09-16,Vistara,Mumbai,Hyderabad,11,12031.0
2026-10-19,Indigo,Chennai,Delhi,44,5295.0
2026-10-14,Vistara,Mumbai,Chennai,39,8639.0
2026-10-14,GoFirst,Bangalore,Kolkata,39,5006.0
2026-09-29,Indigo,Delhi,Bangalore,24,6683.0
2026-09-30,Vistara,Mumbai,Kolkata,25,11143.0
2026-10-17,SpiceJet,Delhi,Chennai,42,3898.0
2026-09-11,GoFirst,Chennai,Bangalore,6,6490.0
2026-09-14,Air India,Chennai,Kolkata,9,11471.0
2026-09-18,SpiceJet,Delhi,Kolkata,13,8173.0
2026-09-08,GoFirst,Bangalore,Mumbai,3,7311.0
2026-10-01,Air India,Bangalore,Kolkata,26,6909.0
2026-09-16,GoFirst,Mumbai,Hyderabad,11,6646.0
2026-10-08,Air India,Kolkata,Delhi,33,6224.0
2026-10-06,SpiceJet,Chennai,Bangalore,31,5601.0
2026-09-19,AirAsia,Mumbai,Delhi,14,7212.0
2026-10-02,AirAsia,Delhi,Kolkata,27,5388.0
2026-09-20,Air India,Hyderabad,Chennai,15,10162.0
2026-10-18,Air India,Chennai,Delhi,43,5116.0
2026-09-23,SpiceJet,Kolkata,Bangalore,18,7710.0
2026-09-10,Vistara,Kolkata,Chennai,5,15656.0
2026-10-07,Air India,Bangalore,Chennai,32,8883.0
2026-10-06,Air India,Kolkata,Bangalore,31,8629.0
2026-09-30,AirAsia,Hyderabad,Chennai,25,5555.0
2026-09-12,Vistara,Kolkata,Hyderabad,7,14975.0
2026-09-10,Indigo,Chennai,Kolkata,5,10746.0
2026-09-27,Indigo,Bangalore,Chennai,22,9216.0
2026-09-07,Air India,Mumbai,Hyderabad,2,12114.0
2026-09-15,AirAsia,Delhi,Hyderabad,10,7424.0
2026-10-17,Vistara,Bangalore,Mumbai,42,5616.0
2026-10-18,GoFirst,Bangalore,Delhi,43,3269.0
2026-09-17,Air India,Delhi,Kolkata,12,11417.0
2026-10-09,GoFirst,Mumbai,Hyderabad,34,4071.0
2026-10-18,Air India,Delhi,Hyderabad,43,7774.0
2026-10-15,Air India,Chennai,Mumbai,40,5545.0
2026-10-24,AirAsia,Mumbai,Delhi,49,2826.0
2026-09-22,Indigo,Chennai,Delhi,17,7555.0
2026-10-18,AirAsia,Delhi,Hyderabad,43,4196.0
2026-09-18,Vistara,Bangalore,Chennai,13,13735.0
2026-09-18,Vistara,Chennai,Kolkata,13,9923.0
2026-09-10,Vistara,Chennai,Bangalore,5,12095.0
2026-10-03,SpiceJet,Kolkata,Chennai,28,5219.0
2026-10-01,AirAsia,Bangalore,Chennai,26,6384.0
2026-10-18,Vistara,Chennai,Mumbai,43,8586.0
2026-09-29,GoFirst,Kolkata,Bangalore,24,5395.0
2026-10-23,SpiceJet,Kolkata,Hyderabad,48,5083.0
2026-09-28,Vistara,Hyderabad,Kolkata,23,8499.0
2026-09-15,Indigo,Bangalore,Kolkata,10,8840.0
2026-10-01,AirAsia,Kolkata,Chennai,26,5327.0
2026-10-17,SpiceJet,Mumbai,Chennai,42,5819.0
2026-10-24,Air India,Delhi,Mumbai,49,5185.0
2026-10-13,Vistara,Bangalore,Hyderabad,38,
2026-09-29,GoFirst,Chennai,Delhi,24,6323.0
2026-10-13,AirAsia,Hyderabad,Delhi,38,3868.0
2026-10-07,SpiceJet,Chennai,Hyderabad,32,4909.0
2026-09-28,GoFirst,Kolkata,Chennai,23,5218.0
2026-09-11,Indigo,Bangalore,Hyderabad,6,10208.0
2026-09-07,Vistara,Chennai,Bangalore,2,11892.0
2026-10-17,AirAsia,Chennai,Mumbai,42,5683.0
2026-10-22,AirAsia,Mumbai,Bangalore,47,3090.0
2026-09-20,SpiceJet,Bangalore,Mumbai,15,6739.0
2026-10-02,Vistara,Chennai,Mumbai,27,8724.0
2026-10-03,AirAsia,Chennai,Kolkata,28,5433.0
2026-10-15,GoFirst,Delhi,Mumbai,40,5058.0
2026-10-01,SpiceJet,Hyderabad,Delhi,26,5582.0
2026-09-13,AirAsia,Delhi,Mumbai,8,6637.0
2026-10-14,AirAsia,Mumbai,Hyderabad,39,5286.0
2026-10-03,Air India,Bangalore,Delhi,28,6980.0
2026-09-29,Air India,Mumbai,Bangalore,24,9434.0
2026-10-04,GoFirst,Hyderabad,Delhi,29,4527.0
2026-09-20,Indigo,Delhi,Kolkata,15,8877.0
2026-10-03,AirAsia,Hyderabad,Delhi,28,4606.0
2026-10-02,Air India,Bangalore,Kolkata,27,7237.0
2026-09-30,Air India,Kolkata,Chennai,25,6874.0
2026-10-19,Indigo,Kolkata,Delhi,44,6082.0
2026-09-18,AirAsia,Delhi,Bangalore,13,6743.0
2026-09-24,GoFirst,Mumbai,Kolkata,19,7025.0
2026-10-06,Air India,Kolkata,Chennai,31,6859.0
2026-10-10,SpiceJet,Hyderabad,Mumbai,35,6158.0
2026-09-06,Vistara,Hyderabad,Mumbai,1,12557.0
2026-09-14,Indigo,Delhi,Bangalore,9,8798.0
2026-09-09,Air India,Hyderabad,Bangalore,4,11639.0
2026-10-21,Indigo,Hyderabad,Mumbai,46,4601.0
2026-09-20,AirAsia,Mumbai,Hyderabad,15,7474.0
2026-10-11,AirAsia,Hyderabad,Kolkata,36,5183.0
2026-10-11,Indigo,Chennai,Kolkata,36,4488.0
2026-09-10,Air India,Kolkata,Chennai,5,11406.0
2026-09-10,Indigo,Kolkata,Bangalore,5,8830.0
2026-09-30,SpiceJet,Chennai,Kolkata,25,7272.0
2026-09-25,GoFirst,Mumbai,Delhi,20,5823.0
2026-09-24,GoFirst,Mumbai,Kolkata,19,6015.0
2026-09-07,GoFirst,Hyderabad,Kolkata,2,6462.0
2026-09-23,GoFirst,Bangalore,Kolkata,18,6232.0
2026-10-14,GoFirst,Bangalore,Chennai,39,4001.0
2026-09-24,Air India,Bangalore,Delhi,19,10017.0
2026-09-17,AirAsia,Hyderabad,Mumbai,12,7030.0
2026-09-26,Air India,Hyderabad,Kolkata,21,10669.0
2026-09-24,Vistara,Delhi,Chennai,19,9589.0
2026-09-15,SpiceJet,Kolkata,Delhi,10,7906.0
2026-10-16,GoFirst,Chennai,Hyderabad,41,4638.0
2026-10-15,SpiceJet,Bangalore,Chennai,40,4654.0
2026-10-15,Air India,Bangalore,Chennai,40,5703.0
2026-09-06,AirAsia,Bangalore,Kolkata,1,6979.0
2026-10-18,Indigo,Kolkata,Chennai,43,6926.0
2026-10-16,GoFirst,Hyderabad,Kolkata,41,4196.0
2026-10-13,Indigo,Chennai,Hyderabad,38,5482.0
2026-10-18,Indigo,Delhi,Mumbai,43,4407.0
2026-09-26,Indigo,Mumbai,Chennai,21,8643.0
2026-09-10,Air India,Delhi,Hyderabad,5,11647.0
2026-09-11,Indigo,Mumbai,Chennai,6,9742.0
2026-10-10,GoFirst,Hyderabad,Bangalore,35,5330.0
2026-09-17,SpiceJet,Hyderabad,Kolkata,12,7430.0
2026-09-17,SpiceJet,Hyderabad,Mumbai,12,8313.0
2026-09-28,AirAsia,Chennai,Bangalore,23,6961.0
2026-09-24,Indigo,Delhi,Hyderabad,19,7620.0
2026-10-14,Air India,Chennai,Mumbai,39,7101.0
2026-10-23,Air India,Chennai,Delhi,48,6658.0
2026-10-14,GoFirst,Chennai,Delhi,39,4239.0
2026-10-10,SpiceJet,Mumbai,Bangalore,35,
2026-09-25,SpiceJet,Bangalore,Kolkata,20,7307.0
2026-10-17,Indigo,Mumbai,Hyderabad,42,6627.0
2026-09-13,SpiceJet,Mumbai,Chennai,8,6669.0
2026-09-16,Air India,Delhi,Hyderabad,11,10651.0
2026-09-09,Vistara,Mumbai,Bangalore,4,14935.0
2026-10-22,SpiceJet,Kolkata,Mumbai,47,3314.0
2026-10-16,GoFirst,Kolkata,Hyderabad,41,3695.0
2026-10-11,Indigo,Kolkata,Chennai,36,5119.0
2026-10-09,Vistara,Chennai,Bangalore,34,8397.0
2026-09-25,AirAsia,Mumbai,Bangalore,20,5530.0
2026-10-06,AirAsia,Bangalore,Hyderabad,31,6377.0
2026-09-20,Air India,Kolkata,Bangalore,15,8124.0
2026-09-23,Indigo,Delhi,Kolkata,18,6762.0
2026-10-01,GoFirst,Hyderabad,Mumbai,26,4987.0
2026-10-23,SpiceJet,Delhi,Hyderabad,48,5198.0
2026-09-23,AirAsia,Mumbai,Chennai,18,5189.0
2026-10-19,Indigo,Chennai,Mumbai,44,6786.0
2026-09-10,GoFirst,Hyderabad,Delhi,5,6407.0
2026-10-10,Air India,Bangalore,Delhi,35,6158.0
2026-09-17,Vistara,Chennai,Kolkata,12,13772.0
2026-10-24,GoFirst,Hyderabad,Delhi,49,3293.0
2026-09-29,Indigo,Kolkata,Mumbai,24,5327.0
2026-09-08,Indigo,Hyderabad,Kolkata,3,10186.0
2026-10-17,SpiceJet,Delhi,Hyderabad,42,6058.0
2026-10-05,SpiceJet,Delhi,Hyderabad,30,6336.0
2026-10-01,Vistara,Mumbai,Hyderabad,26,10926.0
2026-09-16,SpiceJet,Mumbai,Bangalore,11,8010.0
2026-09-06,Indigo,Chennai,Mumbai,1,8876.0
2026-09-29,AirAsia,Hyderabad,Chennai,24,
2026-10-08,Air India,Chennai,Delhi,33,7780.0
2026-10-13,SpiceJet,Hyderabad,Kolkata,38,6442.0
2026-09-17,Air India,Kolkata,Bangalore,12,
2026-10-17,Indigo,Delhi,Bangalore,42,4612.0
2026-10-15,SpiceJet,Bangalore,Hyderabad,40,5242.0
2026-09-18,AirAsia,Delhi,Bangalore,13,6288.0
2026-09-18,SpiceJet,Chennai,Mumbai,13,
2026-09-23,Indigo,Hyderabad,Kolkata,18,6799.0
2026-09-30,Vistara,Bangalore,Delhi,25,11248.0
2026-10-16,Air India,Delhi,Bangalore,41,7541.0
2026-10-07,SpiceJet,Bangalore,Chennai,32,6484.0
2026-10-13,SpiceJet,Delhi,Hyderabad,38,6121.0
2026-09-10,GoFirst,Kolkata,Hyderabad,5,6473.0
2026-09-21,SpiceJet,Chennai,Bangalore,16,8366.0
2026-10-23,SpiceJet,Chennai,Hyderabad,48,4280.0
2026-09-20,SpiceJet,Delhi,Chennai,15,6859.0
2026-10-17,SpiceJet,Bangalore,Chennai,42,4823.0
2026-09-08,Air India,Mumbai,Kolkata,3,10389.0
2026-09-09,SpiceJet,Hyderabad,Mumbai,4,7536.0
2026-09-19,AirAsia,Bangalore,Kolkata,14,7177.0
2026-09-17,GoFirst,Mumbai,Bangalore,12,5341.0
2026-10-20,SpiceJet,Kolkata,Delhi,45,5103.0
2026-09-23,Vistara,Bangalore,Hyderabad,18,8981.0
2026-10-14,SpiceJet,Chennai,Delhi,39,4391.0
2026-09-14,SpiceJet,Mumbai,Chennai,9,7442.0
2026-10-19,Vistara,Chennai,Delhi,44,6730.0
2026-10-15,GoFirst,Bangalore,Hyderabad,40,3614.0
2026-09-10,Indigo,Mumbai,Bangalore,5,7610.0
2026-09-30,Vistara,Chennai,Mumbai,25,8613.0
2026-10-12,AirAsia,Delhi,Mumbai,37,5045.0
2026-10-13,Vistara,Mumbai,Kolkata,38,9979.0
2026-09-24,SpiceJet,Chennai,Kolkata,19,6679.0
2026-10-09,Vistara,Bangalore,Delhi,34,11469.0
2026-10-23,Indigo,Chennai,Hyderabad,48,3837.0
2026-09-26,AirAsia,Bangalore,Kolkata,21,6334.0
2026-09-08,SpiceJet,Chennai,Bangalore,3,7766.0
2026-09-20,Air India,Delhi,Mumbai,15,10219.0
2026-10-13,SpiceJet,Hyderabad,Kolkata,38,6150.0
2026-09-13,Air India,Mumbai,Chennai,8,9563.0
2026-10-07,GoFirst,Chennai,Bangalore,32,5005.0
2026-10-24,SpiceJet,Chennai,Mumbai,49,3066.0
2026-09-08,SpiceJet,Bangalore,Chennai,3,7891.0
2026-10-03,AirAsia,Bangalore,Delhi,28,4523.0
2026-10-07,Indigo,Mumbai,Hyderabad,32,6763.0
2026-10-12,GoFirst,Hyderabad,Kolkata,37,4521.0
2026-10-24,Air India,Delhi,Chennai,49,6212.0
2026-09-17,Indigo,Chennai,Kolkata,12,9063.0
2026-10-10,Indigo,Mumbai,Delhi,35,6494.0
2026-09-18,Vistara,Mumbai,Bangalore,13,11175.0
2026-10-12,GoFirst,Mumbai,Chennai,37,4521.0
2026-10-01,Vistara,Delhi,Kolkata,26,8573.0
2026-09-29,AirAsia,Mumbai,Kolkata,24,
2026-09-24,Air India,Kolkata,Chennai,19,10100.0
2026-10-02,AirAsia,Mumbai,Hyderabad,27,6227.0
2026-09-19,Indigo,Chennai,Mumbai,14,7964.0
2026-09-22,Air India,Chennai,Mumbai,17,9407.0
2026-10-16,Indigo,Kolkata,Chennai,41,6767.0
2026-10-22,SpiceJet,Chennai,Hyderabad,47,3592.0
2026-09-27,GoFirst,Kolkata,Mumbai,22,5102.0
2026-10-19,SpiceJet,Delhi,Mumbai,44,3884.0
2026-09-20,GoFirst,Bangalore,Kolkata,15,6615.0
2026-09-06,Vistara,Chennai,Hyderabad,1,12723.0
2026-09-21,SpiceJet,Kolkata,Mumbai,16,8660.0
2026-09-30,SpiceJet,Hyderabad,Bangalore,25,7000.0
2026-10-17,GoFirst,Mumbai,Bangalore,42,4756.0
2026-10-18,AirAsia,Hyderabad,Mumbai,43,4497.0
2026-09-14,Vistara,Kolkata,Chennai,9,12588.0
2026-09-29,GoFirst,Chennai,Delhi,24,6403.0
2026-09-21,GoFirst,Delhi,Chennai,16,5135.0
2026-10-21,SpiceJet,Bangalore,Mumbai,46,5764.0
2026-09-10,Vistara,Hyderabad,Delhi,5,15036.0
2026-10-05,AirAsia,Delhi,Bangalore,30,5079.0
2026-09-06,GoFirst,Kolkata,Delhi,1,7731.0
2026-09-16,Indigo,Mumbai,Chennai,11,7830.0
2026-10-20,Indigo,Delhi,Chennai,45,4368.0
2026-10-06,Air India,Mumbai,Chennai,31,7900.0
2026-10-02,GoFirst,Hyderabad,Kolkata,27,5170.0
2026-09-07,Indigo,Delhi,Mumbai,2,7627.0
2026-10-05,Indigo,Hyderabad,Chennai,30,7269.0
2026-09-17,Indigo,Bangalore,Chennai,12,8890.0
2026-10-24,Air India,Delhi,Chennai,49,6933.0
2026-09-21,SpiceJet,Delhi,Chennai,16,6619.0
2026-10-23,AirAsia,Kolkata,Mumbai,48,2679.0
2026-09-28,SpiceJet,Kolkata,Hyderabad,23,7164.0
2026-10-04,Vistara,Delhi,Chennai,29,7963.0
2026-10-07,Indigo,Chennai,Delhi,32,7042.0
2026-10-07,Indigo,Hyderabad,Mumbai,32,6911.0
2026-10-09,AirAsia,Delhi,Bangalore,34,5030.0
2026-09-26,AirAsia,Hyderabad,Delhi,21,5552.0
2026-09-30,Vistara,Mumbai,Hyderabad,25,11897.0
2026-10-12,GoFirst,Mumbai,Kolkata,37,5140.0
2026-10-13,AirAsia,Hyderabad,Mumbai,38,4276.0
2026-09-08,AirAsia,Delhi,Kolkata,3,8306.0
2026-10-07,GoFirst,Kolkata,Hyderabad,32,5965.0
2026-10-23,AirAsia,Bangalore,Chennai,48,4711.0
2026-10-01,SpiceJet,Mumbai,Kolkata,26,5237.0
2026-10-11,Indigo,Bangalore,Hyderabad,36,4709.0
2026-10-07,Indigo,Chennai,Hyderabad,32,6234.0
2026-10-11,Indigo,Bangalore,Hyderabad,36,5485.0
2026-10-13,Vistara,Hyderabad,Delhi,38,7606.0
2026-09-21,SpiceJet,Hyderabad,Kolkata,16,7334.0
2026-10-11,Indigo,Hyderabad,Bangalore,36,6888.0
2026-10-20,SpiceJet,Chennai,Mumbai,45,5908.0
2026-09-10,GoFirst,Kolkata,Bangalore,5,8617.0
2026-09-15,AirAsia,Mumbai,Bangalore,10,7424.0
2026-10-13,Vistara,Bangalore,Chennai,38,7751.0
2026-10-14,Indigo,Kolkata,Mumbai,39,6301.0
2026-09-08,AirAsia,Delhi,Mumbai,3,9340.0
2026-10-03,GoFirst,Bangalore,Chennai,28,5470.0
2026-09-10,SpiceJet,Hyderabad,Bangalore,5,9008.0
2026-09-21,Vistara,Chennai,Hyderabad,16,11642.0
2026-10-01,Indigo,Chennai,Hyderabad,26,8224.0
2026-09-30,Air India,Bangalore,Chennai,25,9791.0
2026-09-27,Air India,Mumbai,Chennai,22,8150.0
2026-10-07,GoFirst,Mumbai,Hyderabad,32,5179.0
2026-09-30,Air India,Mumbai,Hyderabad,25,9775.0
2026-09-15,Indigo,Delhi,Hyderabad,10,7482.0
2026-09-06,Vistara,Hyderabad,Kolkata,1,15196.0
2026-10-24,GoFirst,Kolkata,Chennai,49,4421.0
2026-10-13,Vistara,Chennai,Hyderabad,38,7335.0
2026-09-22,AirAsia,Hyderabad,Kolkata,17,7622.0
2026-09-19,Air India,Bangalore,Chennai,14,11075.0
2026-09-26,Indigo,Hyderabad,Bangalore,21,7239.0
2026-10-05,Air India,Chennai,Kolkata,30,7323.0
2026-09-09,Indigo,Kolkata,Hyderabad,4,10453.0
2026-10-01,Air India,Kolkata,Delhi,26,9652.0
2026-10-05,GoFirst,Hyderabad,Delhi,30,4594.0
2026-10-09,GoFirst,Kolkata,Hyderabad,34,
2026-10-11,SpiceJet,Bangalore,Hyderabad,36,5537.0
2026-09-18,Vistara,Bangalore,Hyderabad,13,14275.0
2026-09-09,GoFirst,Bangalore,Mumbai,4,8258.0
2026-10-04,Indigo,Kolkata,Bangalore,29,6294.0
2026-10-10,Indigo,Delhi,Bangalore,35,5460.0
2026-10-21,GoFirst,Bangalore,Hyderabad,46,4647.0
2026-10-01,Air India,Kolkata,Delhi,26,9963.0
2026-10-08,GoFirst,Mumbai,Bangalore,33,6356.0
2026-09-24,SpiceJet,Kolkata,Delhi,19,6062.0
2026-10-21,GoFirst,Bangalore,Hyderabad,46,3495.0
2026-10-05,Air India,Delhi,Kolkata,30,6467.0
2026-10-02,Vistara,Mumbai,Chennai,27,10254.0
2026-09-30,GoFirst,Bangalore,Mumbai,25,6664.0
2026-09-27,Indigo,Delhi,Chennai,22,5433.0
2026-09-16,Indigo,Bangalore,Kolkata,11,8848.0
2026-10-22,Indigo,Kolkata,Delhi,47,4372.0
2026-10-19,SpiceJet,Bangalore,Chennai,44,3418.0
2026-10-11,Indigo,Chennai,Mumbai,36,3989.0
2026-10-18,Vistara,Bangalore,Delhi,43,6106.0
2026-10-23,GoFirst,Delhi,Bangalore,48,4395.0
2026-10-10,SpiceJet,Bangalore,Mumbai,35,5402.0
2026-09-17,SpiceJet,Mumbai,Chennai,12,7849.0
2026-10-23,SpiceJet,Bangalore,Hyderabad,48,3086.0
2026-10-07,Indigo,Mumbai,Delhi,32,6419.0
2026-10-11,Vistara,Kolkata,Chennai,36,7416.0
2026-10-07,Air India,Delhi,Kolkata,32,6651.0
2026-10-01,AirAsia,Chennai,Bangalore,26,4613.0
2026-09-28,Air India,Kolkata,Delhi,23,8261.0
2026-10-04,AirAsia,Delhi,Kolkata,29,6639.0
2026-09-26,Indigo,Delhi,Kolkata,21,6978.0
2026-10-24,SpiceJet,Delhi,Bangalore,49,2929.0
2026-09-23,SpiceJet,Bangalore,Hyderabad,18,7777.0
2026-09-06,AirAsia,Bangalore,Mumbai,1,7810.0
2026-09-19,Air India,Kolkata,Delhi,14,9023.0
2026-10-08,Air India,Mumbai,Delhi,33,6208.0
2026-09-14,Indigo,Mumbai,Kolkata,9,7492.0
2026-09-07,Vistara,Chennai,Mumbai,2,14619.0
2026-09-27,AirAsia,Hyderabad,Mumbai,22,5941.0
2026-09-15,Air India,Mumbai,Hyderabad,10,11188.0
2026-09-28,AirAsia,Bangalore,Chennai,23,5424.0
2026-10-12,Air India,Chennai,Kolkata,37,5722.0
2026-09-27,SpiceJet,Bangalore,Kolkata,22,7166.0
2026-09-14,AirAsia,Mumbai,Chennai,9,8377.0
2026-09-24,SpiceJet,Bangalore,Chennai,19,7746.0
2026-09-17,Indigo,Kolkata,Bangalore,12,8329.0
2026-10-13,Air India,Chennai,Hyderabad,38,6293.0
2026-09-18,Air India,Kolkata,Hyderabad,13,
2026-09-14,AirAsia,Hyderabad,Bangalore,9,6532.0
2026-10-03,Vistara,Kolkata,Hyderabad,28,9530.0
2026-10-04,Air India,Hyderabad,Mumbai,29,7175.0
2026-09-26,Air India,Kolkata,Chennai,21,8116.0
2026-09-14,Indigo,Bangalore,Delhi,9,8974.0
2026-10-07,Vistara,Bangalore,Hyderabad,32,8715.0
2026-09-26,AirAsia,Hyderabad,Kolkata,21,4834.0
2026-10-02,Vistara,Hyderabad,Kolkata,27,8256.0
2026-10-09,Vistara,Hyderabad,Mumbai,34,9208.0
2026-09-20,GoFirst,Hyderabad,Delhi,15,7772.0
2026-10-18,Air India,Bangalore,Hyderabad,43,5349.0
2026-10-04,Vistara,Delhi,Mumbai,29,10651.0
2026-09-29,Vistara,Bangalore,Hyderabad,24,10706.0
2026-09-24,Indigo,Chennai,Bangalore,19,6779.0
2026-10-15,AirAsia,Chennai,Bangalore,40,5067.0
2026-09-14,Indigo,Hyderabad,Kolkata,9,8926.0
2026-09-22,Vistara,Chennai,Kolkata,17,11084.0
2026-10-12,Indigo,Delhi,Bangalore,37,5574.0
2026-09-28,Indigo,Kolkata,Chennai,23,6862.0
2026-10-05,SpiceJet,Chennai,Bangalore,30,6245.0
2026-10-16,GoFirst,Hyderabad,Mumbai,41,4487.0
2026-09-20,Vistara,Delhi,Chennai,15,12440.0
2026-10-05,SpiceJet,Kolkata,Hyderabad,30,5050.0
2026-09-19,GoFirst,Kolkata,Bangalore,14,7846.0
2026-09-20,Vistara,Mumbai,Bangalore,15,12989.0
2026-09-19,GoFirst,Hyderabad,Bangalore,14,7519.0
2026-10-10,Indigo,Kolkata,Delhi,35,5785.0
2026-09-09,Vistara,Chennai,Bangalore,4,14513.0
2026-09-13,Vistara,Mumbai,Kolkata,8,15187.0
2026-10-10,SpiceJet,Chennai,Kolkata,35,6584.0
2026-10-05,Air India,Bangalore,Mumbai,30,6635.0
2026-09-14,SpiceJet,Bangalore,Hyderabad,9,7716.0
2026-10-08,Indigo,Chennai,Bangalore,33,7251.0
2026-10-10,Vistara,Hyderabad,Mumbai,35,9026.0
2026-10-01,Vistara,Hyderabad,Delhi,26,10485.0
2026-09-20,AirAsia,Hyderabad,Mumbai,15,6833.0
2026-09-09,SpiceJet,Chennai,Mumbai,4,8198.0
2026-09-14,Air India,Mumbai,Bangalore,9,9662.0
2026-09-24,GoFirst,Chennai,Bangalore,19,5412.0
2026-09-18,GoFirst,Chennai,Kolkata,13,5269.0
2026-09-19,AirAsia,Hyderabad,Chennai,14,6235.0
2026-09-29,SpiceJet,Delhi,Hyderabad,24,5125.0
2026-10-07,GoFirst,Delhi,Kolkata,32,5065.0
2026-09-13,AirAsia,Delhi,Chennai,8,6921.0
2026-09-18,Air India,Hyderabad,Kolkata,13,10996.0
2026-09-23,Indigo,Kolkata,Bangalore,18,9059.0
2026-09-12,AirAsia,Bangalore,Mumbai,7,6655.0
2026-09-26,Air India,Hyderabad,Bangalore,21,9773.0
2026-09-26,SpiceJet,Chennai,Delhi,21,6504.0
2026-09-19,Vistara,Kolkata,Chennai,14,9696.0
2026-09-18,Indigo,Bangalore,Kolkata,13,8475.0
2026-10-12,Air India,Hyderabad,Kolkata,37,8560.0
2026-09-29,Vistara,Delhi,Bangalore,24,9753.0
2026-09-29,SpiceJet,Kolkata,Delhi,24,6322.0
2026-09-21,Indigo,Delhi,Hyderabad,16,6612.0
2026-10-05,SpiceJet,Bangalore,Mumbai,30,6550.0
2026-10-11,AirAsia,Bangalore,Delhi,36,5525.0
2026-09-13,GoFirst,Hyderabad,Delhi,8,
2026-09-27,SpiceJet,Bangalore,Chennai,22,5438.0
2026-09-09,Air India,Kolkata,Hyderabad,4,9573.0
2026-10-23,Vistara,Kolkata,Bangalore,48,8882.0
2026-10-02,AirAsia,Delhi,Chennai,27,6816.0
2026-10-21,SpiceJet,Chennai,Delhi,46,3643.0
2026-10-24,GoFirst,Kolkata,Hyderabad,49,4873.0
2026-10-07,Indigo,Hyderabad,Chennai,32,6733.0
2026-09-13,GoFirst,Chennai,Mumbai,8,7459.0
2026-10-19,Vistara,Chennai,Kolkata,44,8990.0
2026-09-19,AirAsia,Mumbai,Kolkata,14,6330.0
2026-09-21,GoFirst,Bangalore,Delhi,16,6684.0
2026-10-08,SpiceJet,Kolkata,Chennai,33,6543.0
2026-10-10,AirAsia,Kolkata,Bangalore,35,4771.0
2026-10-14,Indigo,Delhi,Bangalore,39,6444.0
2026-09-20,Vistara,Delhi,Kolkata,15,13853.0
2026-10-01,AirAsia,Bangalore,Kolkata,26,6164.0
2026-09-06,Vistara,Hyderabad,Chennai,1,14317.0
2026-10-16,GoFirst,Kolkata,Delhi,41,4582.0
2026-09-10,Indigo,Kolkata,Delhi,5,9639.0
2026-10-11,AirAsia,Bangalore,Chennai,36,6052.0
2026-10-14,Vistara,Chennai,Kolkata,39,6467.0
2026-09-21,Indigo,Bangalore,Hyderabad,16,8412.0
2026-09-21,Vistara,Hyderabad,Chennai,16,10104.0
2026-10-23,Indigo,Hyderabad,Bangalore,48,3684.0
2026-09-15,GoFirst,Delhi,Mumbai,10,5242.0
2026-10-03,Air India,Chennai,Delhi,28,9316.0
2026-10-13,Air India,Kolkata,Hyderabad,38,8457.0
2026-10-05,Air India,Kolkata,Delhi,30,8272.0
2026-09-12,GoFirst,Chennai,Bangalore,7,7327.0
2026-09-11,Vistara,Hyderabad,Bangalore,6,10897.0
2026-09-19,AirAsia,Mumbai,Bangalore,14,6943.0
2026-10-23,AirAsia,Chennai,Kolkata,48,2688.0
2026-10-16,SpiceJet,Mumbai,Chennai,41,5514.0
2026-09-06,Air India,Delhi,Bangalore,1,
2026-10-11,SpiceJet,Hyderabad,Bangalore,36,5585.0
2026-10-16,GoFirst,Delhi,Chennai,41,5309.0
2026-09-14,SpiceJet,Chennai,Hyderabad,9,8722.0
2026-10-13,Vistara,Mumbai,Hyderabad,38,6889.0
2026-09-23,SpiceJet,Mumbai,Chennai,18,8336.0
2026-09-26,GoFirst,Bangalore,Delhi,21,5820.0
2026-09-08,SpiceJet,Delhi,Mumbai,3,9532.0
2026-09-29,Indigo,Chennai,Delhi,24,8611.0
2026-09-08,AirAsia,Kolkata,Delhi,3,8910.0
2026-10-13,Indigo,Delhi,Kolkata,38,5651.0
2026-10-24,Indigo,Chennai,Delhi,49,4754.0
2026-09-20,GoFirst,Bangalore,Hyderabad,15,7700.0
2026-09-28,Vistara,Hyderabad,Mumbai,23,9155.0
2026-10-13,Indigo,Chennai,Mumbai,38,5559.0
2026-10-06,SpiceJet,Kolkata,Mumbai,31,6349.0
2026-09-16,Indigo,Delhi,Hyderabad,11,9078.0
2026-09-22,Indigo,Mumbai,Chennai,17,8218.0
2026-09-28,Air India,Hyderabad,Bangalore,23,8917.0
2026-10-02,Indigo,Delhi,Hyderabad,27,7936.0
2026-10-16,GoFirst,Hyderabad,Mumbai,41,4094.0
2026-09-23,Indigo,Mumbai,Delhi,18,7573.0
2026-10-15,GoFirst,Chennai,Delhi,40,5170.0
2026-10-18,Air India,Mumbai,Chennai,43,5673.0
2026-10-08,GoFirst,Hyderabad,Delhi,33,4108.0
2026-10-02,SpiceJet,Bangalore,Chennai,27,5497.0
2026-10-14,Vistara,Chennai,Hyderabad,39,8068.0
2026-10-24,Vistara,Kolkata,Bangalore,49,7046.0
2026-09-12,Indigo,Kolkata,Hyderabad,7,9491.0
2026-09-23,GoFirst,Bangalore,Delhi,18,5616.0
2026-10-19,Indigo,Chennai,Hyderabad,44,3791.0
2026-09-25,Indigo,Delhi,Chennai,20,8103.0
2026-09-06,GoFirst,Delhi,Hyderabad,1,6057.0
2026-09-08,Air India,Kolkata,Bangalore,3,11250.0
2026-10-10,Vistara,Kolkata,Bangalore,35,9286.0
2026-09-28,Air India,Kolkata,Delhi,23,9460.0
2026-10-16,Vistara,Hyderabad,Delhi,41,9500.0
2026-10-21,Vistara,Delhi,Kolkata,46,6602.0
2026-10-14,AirAsia,Mumbai,Chennai,39,5707.0
2026-09-30,Air India,Kolkata,Hyderabad,25,8625.0
2026-10-13,Vistara,Delhi,Bangalore,38,8271.0
2026-10-24,Vistara,Delhi,Mumbai,49,4773.0
2026-09-27,Vistara,Delhi,Kolkata,22,11438.0
2026-10-05,AirAsia,Bangalore,Chennai,30,5707.0
2026-10-11,Indigo,Mumbai,Chennai,36,4583.0
2026-09-18,AirAsia,Hyderabad,Delhi,13,7353.0
2026-09-25,Vistara,Chennai,Mumbai,20,12852.0
2026-10-13,AirAsia,Chennai,Mumbai,38,4977.0
2026-10-03,Air India,Bangalore,Mumbai,28,6598.0
2026-09-14,GoFirst,Kolkata,Chennai,9,5927.0
2026-09-29,Vistara,Kolkata,Hyderabad,24,11797.0
2026-09-27,Indigo,Chennai,Bangalore,22,6883.0
2026-10-15,GoFirst,Delhi,Chennai,40,3365.0
2026-09-10,AirAsia,Chennai,Bangalore,5,7632.0
2026-09-23,Air India,Hyderabad,Delhi,18,9216.0
2026-10-18,Indigo,Delhi,Mumbai,43,4875.0
2026-10-04,Vistara,Bangalore,Kolkata,29,8941.0
2026-10-23,GoFirst,Mumbai,Chennai,48,3749.0
2026-09-12,Indigo,Bangalore,Mumbai,7,9315.0
2026-10-21,AirAsia,Kolkata,Hyderabad,46,2786.0
2026-10-24,AirAsia,Kolkata,Bangalore,49,3551.0
2026-10-16,Air India,Chennai,Mumbai,41,5805.0
2026-10-17,SpiceJet,Bangalore,Mumbai,42,4394.0
2026-10-13,Vistara,Delhi,Chennai,38,9397.0
2026-10-12,GoFirst,Bangalore,Chennai,37,5366.0
2026-10-10,SpiceJet,Chennai,Delhi,35,4181.0
2026-10-11,GoFirst,Delhi,Kolkata,36,5926.0
2026-10-23,Vistara,Hyderabad,Chennai,48,5163.0
2026-10-23,GoFirst,Kolkata,Delhi,48,2975.0
2026-09-30,Indigo,Chennai,Mumbai,25,8505.0
2026-10-19,AirAsia,Kolkata,Hyderabad,44,4188.0
2026-10-01,Vistara,Kolkata,Bangalore,26,12527.0
2026-09-15,AirAsia,Mumbai,Chennai,10,6238.0
2026-09-13,AirAsia,Hyderabad,Delhi,8,6122.0
2026-10-18,Air India,Bangalore,Chennai,43,7330.0
2026-10-22,AirAsia,Chennai,Mumbai,47,3157.0
2026-10-23,Air India,Kolkata,Chennai,48,4725.0
2026-10-07,SpiceJet,Delhi,Mumbai,32,5164.0
2026-09-25,Air India,Mumbai,Chennai,20,8077.0
2026-10-20,Vistara,Kolkata,Delhi,45,9621.0
2026-09-28,Air India,Hyderabad,Chennai,23,8421.0
2026-09-25,Air India,Mumbai,Hyderabad,20,8118.0
2026-09-27,SpiceJet,Mumbai,Kolkata,22,5780.0
2026-09-23,GoFirst,Kolkata,Chennai,18,6969.0
2026-10-21,GoFirst,Chennai,Hyderabad,46,3246.0
2026-09-07,Indigo,Hyderabad,Kolkata,2,9825.0
2026-10-20,SpiceJet,Bangalore,Hyderabad,45,4890.0
2026-09-12,Air India,Hyderabad,Bangalore,7,9846.0
2026-10-18,GoFirst,Delhi,Chennai,43,3351.0
2026-10-05,Indigo,Chennai,Bangalore,30,6272.0
2026-10-08,GoFirst,Delhi,Hyderabad,33,4941.0
2026-10-04,Indigo,Mumbai,Kolkata,29,6097.0
2026-10-20,Indigo,Kolkata,Mumbai,45,5338.0
2026-09-09,GoFirst,Bangalore,Hyderabad,4,7225.0
2026-10-09,Air India,Kolkata,Delhi,34,8806.0
2026-09-24,AirAsia,Delhi,Mumbai,19,6629.0
2026-10-15,Indigo,Bangalore,Chennai,40,5673.0
2026-10-04,Air India,Hyderabad,Kolkata,29,6111.0
2026-10-01,Vistara,Chennai,Delhi,26,9289.0
2026-10-03,AirAsia,Mumbai,Kolkata,28,6718.0
2026-09-22,AirAsia,Delhi,Hyderabad,17,6139.0
2026-10-09,SpiceJet,Kolkata,Mumbai,34,7297.0
2026-09-27,Indigo,Hyderabad,Mumbai,22,5994.0
2026-10-23,Vistara,Delhi,Hyderabad,48,6935.0
2026-09-16,GoFirst,Delhi,Bangalore,11,7314.0
2026-10-01,AirAsia,Chennai,Kolkata,26,4468.0
2026-10-04,SpiceJet,Kolkata,Delhi,29,7109.0
2026-09-28,Vistara,Delhi,Mumbai,23,8884.0
2026-09-16,Vistara,Hyderabad,Chennai,11,12884.0
2026-09-10,AirAsia,Bangalore,Chennai,5,7867.0
2026-09-06,SpiceJet,Hyderabad,Bangalore,1,7414.0
2026-10-06,SpiceJet,Chennai,Delhi,31,4532.0
2026-09-19,SpiceJet,Delhi,Kolkata,14,6612.0
2026-10-06,Vistara,Kolkata,Chennai,31,8043.0
2026-10-11,Air India,Kolkata,Bangalore,36,5670.0
2026-09-27,SpiceJet,Hyderabad,Mumbai,22,7751.0
2026-10-08,Air India,Chennai,Mumbai,33,6578.0
2026-10-23,Vistara,Delhi,Mumbai,48,7424.0
2026-10-16,GoFirst,Chennai,Mumbai,41,5622.0
2026-09-20,Air India,Hyderabad,Kolkata,15,7944.0
2026-10-14,GoFirst,Delhi,Kolkata,39,3835.0
2026-10-20,Vistara,Delhi,Chennai,45,9391.0
2026-09-27,Vistara,Chennai,Bangalore,22,11883.0
2026-09-22,Air India,Hyderabad,Kolkata,17,9181.0
2026-09-10,AirAsia,Bangalore,Kolkata,5,7527.0
2026-10-01,Vistara,Delhi,Chennai,26,7841.0
2026-10-15,Vistara,Bangalore,Mumbai,40,10335.0
2026-09-16,GoFirst,Kolkata,Bangalore,11,5976.0
2026-09-19,Indigo,Kolkata,Hyderabad,14,8593.0
2026-09-06,Vistara,Chennai,Bangalore,1,14873.0
2026-10-03,Air India,Mumbai,Delhi,28,9282.0
2026-10-23,Air India,Delhi,Mumbai,48,5374.0
2026-10-21,Air India,Hyderabad,Chennai,46,4156.0
2026-10-18,Air India,Kolkata,Mumbai,43,4517.0
2026-09-27,GoFirst,Hyderabad,Mumbai,22,5241.0
2026-10-01,GoFirst,Mumbai,Kolkata,26,3953.0
2026-09-11,Vistara,Mumbai,Kolkata,6,12234.0
2026-09-08,Air India,Chennai,Bangalore,3,11950.0
2026-09-23,AirAsia,Bangalore,Mumbai,18,7102.0
2026-09-18,GoFirst,Chennai,Kolkata,13,7365.0
2026-09-27,Air India,Bangalore,Delhi,22,9134.0
2026-10-21,Indigo,Bangalore,Hyderabad,46,4880.0
2026-09-10,Vistara,Bangalore,Delhi,5,13775.0
2026-09-27,GoFirst,Delhi,Mumbai,22,6588.0
2026-09-10,AirAsia,Mumbai,Bangalore,5,8113.0
2026-09-13,SpiceJet,Hyderabad,Delhi,8,6852.0
2026-10-23,Indigo,Chennai,Kolkata,48,5725.0
2026-10-01,Air India,Delhi,Hyderabad,26,8197.0
2026-10-08,GoFirst,Delhi,Bangalore,33,4969.0
2026-09-23,Air India,Chennai,Hyderabad,18,7441.0
2026-10-02,SpiceJet,Hyderabad,Kolkata,27,6248.0
2026-10-02,Vistara,Mumbai,Chennai,27,12600.0
2026-09-23,SpiceJet,Mumbai,Hyderabad,18,8207.0
2026-10-07,Vistara,Bangalore,Kolkata,32,9690.0
2026-09-13,SpiceJet,Kolkata,Bangalore,8,8071.0
2026-10-16,Air India,Bangalore,Mumbai,41,6554.0
2026-09-20,GoFirst,Chennai,Hyderabad,15,5276.0
2026-09-15,GoFirst,Bangalore,Kolkata,10,6965.0
2026-10-06,Vistara,Chennai,Mumbai,31,8897.0
2026-09-13,AirAsia,Kolkata,Chennai,8,8313.0
2026-09-22,GoFirst,Delhi,Kolkata,17,6986.0
2026-10-08,Air India,Kolkata,Mumbai,33,8646.0
2026-09-24,SpiceJet,Hyderabad,Delhi,19,5638.0
2026-09-13,GoFirst,Delhi,Mumbai,8,7441.0
2026-10-16,GoFirst,Delhi,Chennai,41,3691.0
2026-10-01,SpiceJet,Hyderabad,Kolkata,26,5984.0
2026-10-07,Vistara,Mumbai,Hyderabad,32,7720.0
2026-10-22,Vistara,Hyderabad,Delhi,47,5220.0
2026-10-03,AirAsia,Kolkata,Mumbai,28,6976.0
2026-10-08,SpiceJet,Kolkata,Chennai,33,6339.0
2026-09-13,Air India,Kolkata,Delhi,8,11572.0
2026-10-17,Indigo,Kolkata,Delhi,42,5380.0
2026-09-09,GoFirst,Delhi,Kolkata,4,8377.0
2026-09-22,Air India,Kolkata,Chennai,17,9168.0
2026-10-04,SpiceJet,Bangalore,Mumbai,29,5084.0
2026-09-09,SpiceJet,Hyderabad,Mumbai,4,8020.0
2026-10-07,Air India,Delhi,Mumbai,32,6907.0
2026-10-19,GoFirst,Mumbai,Hyderabad,44,2608.0
2026-10-23,SpiceJet,Chennai,Delhi,48,4311.0
2026-10-10,GoFirst,Hyderabad,Mumbai,35,3660.0
2026-10-21,Air India,Kolkata,Bangalore,46,5920.0
2026-10-16,Vistara,Bangalore,Chennai,41,6699.0
2026-09-25,AirAsia,Hyderabad,Bangalore,20,6164.0
2026-09-30,Vistara,Kolkata,Bangalore,25,8947.0
2026-10-24,Indigo,Chennai,Mumbai,49,4457.0
2026-10-15,Indigo,Kolkata,Chennai,40,4611.0
2026-09-25,AirAsia,Bangalore,Kolkata,20,7528.0
2026-10-18,AirAsia,Delhi,Hyderabad,43,4079.0
2026-09-13,Indigo,Mumbai,Bangalore,8,8883.0
2026-10-22,Air India,Chennai,Hyderabad,47,7131.0
2026-10-05,Indigo,Mumbai,Hyderabad,30,4681.0
2026-09-14,Indigo,Hyderabad,Kolkata,9,8938.0
2026-09-26,Vistara,Bangalore,Hyderabad,21,9580.0
2026-10-14,AirAsia,Bangalore,Delhi,39,5842.0
2026-09-06,GoFirst,Hyderabad,Kolkata,1,5973.0
2026-10-10,Indigo,Kolkata,Bangalore,35,5099.0
2026-09-25,Indigo,Chennai,Kolkata,20,5676.0
2026-10-23,GoFirst,Chennai,Delhi,48,2712.0
2026-10-17,Vistara,Bangalore,Kolkata,42,5921.0
2026-10-08,GoFirst,Bangalore,Mumbai,33,4582.0
2026-09-30,GoFirst,Kolkata,Delhi,25,4459.0
2026-10-09,AirAsia,Kolkata,Hyderabad,34,6231.0
2026-09-13,Indigo,Chennai,Hyderabad,8,7385.0
2026-10-13,GoFirst,Delhi,Kolkata,38,5174.0
2026-09-26,Vistara,Hyderabad,Chennai,21,10892.0
2026-09-17,Indigo,Bangalore,Hyderabad,12,
2026-09-19,Vistara,Bangalore,Kolkata,14,13010.0
2026-10-21,Air India,Bangalore,Delhi,46,6196.0
2026-10-02,AirAsia,Delhi,Kolkata,27,
2026-10-09,Indigo,Hyderabad,Mumbai,34,5243.0
2026-09-23,Indigo,Bangalore,Hyderabad,18,6799.0
2026-10-05,Vistara,Chennai,Mumbai,30,9554.0
2026-09-20,Indigo,Bangalore,Mumbai,15,7780.0
2026-10-15,Air India,Delhi,Bangalore,40,7079.0
2026-10-21,Vistara,Kolkata,Bangalore,46,9283.0
2026-09-21,Vistara,Chennai,Bangalore,16,13556.0
2026-10-12,GoFirst,Hyderabad,Bangalore,37,4705.0
2026-09-06,Vistara,Kolkata,Hyderabad,1,12598.0
2026-10-24,GoFirst,Chennai,Hyderabad,49,2928.0
2026-09-30,Air India,Kolkata,Mumbai,25,9370.0
2026-09-23,Air India,Kolkata,Bangalore,18,10354.0
2026-09-27,Vistara,Delhi,Kolkata,22,13267.0
2026-10-03,Indigo,Chennai,Hyderabad,28,
2026-10-22,Indigo,Chennai,Delhi,47,5370.0
2026-09-17,Vistara,Chennai,Kolkata,12,13595.0
2026-10-21,SpiceJet,Bangalore,Hyderabad,46,4673.0
2026-09-29,Indigo,Delhi,Hyderabad,24,8232.0
2026-09-27,Air India,Bangalore,Chennai,22,7317.0
2026-09-14,Vistara,Hyderabad,Kolkata,9,13107.0
2026-09-13,SpiceJet,Kolkata,Delhi,8,8679.0
2026-09-07,Air India,Kolkata,Chennai,2,11379.0
2026-09-13,Air India,Chennai,Hyderabad,8,9517.0
2026-09-07,SpiceJet,Chennai,Kolkata,2,9741.0
2026-10-08,SpiceJet,Delhi,Hyderabad,33,5941.0
2026-10-05,SpiceJet,Kolkata,Delhi,30,6763.0
2026-09-17,GoFirst,Chennai,Delhi,12,7695.0
2026-09-13,Vistara,Delhi,Mumbai,8,10492.0
2026-09-15,Indigo,Hyderabad,Delhi,10,9083.0
2026-09-26,AirAsia,Mumbai,Hyderabad,21,7238.0
2026-09-27,Vistara,Bangalore,Kolkata,22,8645.0
2026-09-12,AirAsia,Delhi,Bangalore,7,8393.0
2026-10-23,SpiceJet,Bangalore,Mumbai,48,3529.0
2026-09-25,Indigo,Bangalore,Mumbai,20,7489.0
2026-10-22,Indigo,Kolkata,Chennai,47,3201.0
2026-10-24,GoFirst,Kolkata,Delhi,49,3650.0
2026-09-23,SpiceJet,Hyderabad,Bangalore,18,7652.0
2026-09-20,GoFirst,Kolkata,Hyderabad,15,6340.0
2026-09-30,GoFirst,Mumbai,Hyderabad,25,5123.0
2026-10-05,Vistara,Chennai,Mumbai,30,8132.0
2026-10-02,GoFirst,Mumbai,Kolkata,27,6375.0
2026-09-16,Vistara,Chennai,Hyderabad,11,12067.0
2026-09-28,Vistara,Delhi,Mumbai,23,9748.0
2026-09-29,Indigo,Mumbai,Delhi,24,7064.0
2026-10-01,AirAsia,Mumbai,Bangalore,26,5063.0
2026-09-26,GoFirst,Mumbai,Bangalore,21,6735.0
2026-10-13,Vistara,Mumbai,Hyderabad,38,7016.0
2026-09-15,AirAsia,Bangalore,Chennai,10,6127.0
2026-10-09,SpiceJet,Bangalore,Delhi,34,5179.0
2026-09-16,Indigo,Kolkata,Mumbai,11,9178.0
2026-09-21,Indigo,Kolkata,Delhi,16,6113.0
2026-09-26,Vistara,Chennai,Kolkata,21,
2026-10-19,AirAsia,Bangalore,Kolkata,44,3524.0
2026-10-21,AirAsia,Mumbai,Chennai,46,2934.0
2026-09-22,GoFirst,Bangalore,Hyderabad,17,5823.0
2026-09-20,GoFirst,Hyderabad,Mumbai,15,6022.0
2026-09-17,Air India,Chennai,Mumbai,12,11684.0
2026-10-04,Air India,Delhi,Hyderabad,29,5808.0
2026-09-15,Air India,Kolkata,Mumbai,10,11623.0
2026-09-13,SpiceJet,Delhi,Kolkata,8,6546.0
2026-10-21,Air India,Delhi,Kolkata,46,6264.0
2026-10-09,AirAsia,Delhi,Kolkata,34,4532.0
2026-09-29,Indigo,Kolkata,Bangalore,24,5450.0
2026-10-08,GoFirst,Chennai,Bangalore,33,5922.0
2026-09-26,GoFirst,Kolkata,Mumbai,21,6177.0
2026-09-24,GoFirst,Kolkata,Hyderabad,19,4947.0
2026-10-02,AirAsia,Kolkata,Delhi,27,5680.0
2026-10-02,Air India,Chennai,Delhi,27,7824.0
2026-10-13,Indigo,Bangalore,Mumbai,38,6790.0
2026-10-06,AirAsia,Delhi,Mumbai,31,6015.0
2026-09-30,Vistara,Mumbai,Kolkata,25,11096.0
2026-10-16,Air India,Mumbai,Bangalore,41,4296.0
2026-09-22,GoFirst,Kolkata,Delhi,17,6605.0
2026-10-04,Air India,Mumbai,Kolkata,29,9901.0
2026-09-18,AirAsia,Hyderabad,Kolkata,13,7551.0
2026-10-09,SpiceJet,Bangalore,Hyderabad,34,4746.0
2026-09-07,Vistara,Mumbai,Bangalore,2,15615.0
2026-10-19,Indigo,Delhi,Bangalore,44,5739.0
2026-09-27,AirAsia,Delhi,Bangalore,22,5288.0
2026-10-19,Vistara,Mumbai,Bangalore,44,6602.0
2026-10-09,GoFirst,Mumbai,Bangalore,34,4198.0
2026-09-28,AirAsia,Delhi,Bangalore,23,7044.0
2026-10-11,Air India,Chennai,Delhi,36,6074.0
2026-10-15,SpiceJet,Hyderabad,Bangalore,40,4286.0
2026-09-07,Indigo,Kolkata,Hyderabad,2,
2026-09-12,GoFirst,Hyderabad,Delhi,7,6276.0
2026-10-23,Air India,Mumbai,Kolkata,48,5432.0
2026-10-13,Vistara,Kolkata,Chennai,38,7351.0
2026-10-24,Indigo,Kolkata,Bangalore,49,5113.0
2026-10-17,GoFirst,Kolkata,Hyderabad,42,5352.0
2026-09-23,SpiceJet,Hyderabad,Kolkata,18,5720.0
2026-09-20,Air India,Hyderabad,Bangalore,15,8778.0
2026-09-24,Indigo,Mumbai,Hyderabad,19,7232.0
2026-10-10,GoFirst,Mumbai,Bangalore,35,5573.0
2026-10-21,Air India,Delhi,Chennai,46,7108.0
2026-09-25,Vistara,Hyderabad,Bangalore,20,13671.0
2026-09-07,GoFirst,Delhi,Mumbai,2,8848.0
2026-09-06,Air India,Mumbai,Delhi,1,13015.0
2026-09-25,GoFirst,Bangalore,Mumbai,20,5882.0
2026-10-03,SpiceJet,Delhi,Mumbai,28,5513.0
2026-10-13,SpiceJet,Kolkata,Delhi,38,3979.0
2026-10-21,SpiceJet,Bangalore,Chennai,46,4114.0
2026-10-13,Air India,Delhi,Mumbai,38,6166.0
2026-10-12,Indigo,Mumbai,Hyderabad,37,6576.0
2026-09-18,AirAsia,Chennai,Mumbai,13,6531.0
2026-10-24,Vistara,Bangalore,Mumbai,49,5369.0
2026-10-24,SpiceJet,Chennai,Hyderabad,49,4261.0
2026-10-12,Air India,Chennai,Kolkata,37,7045.0
2026-09-12,Indigo,Bangalore,Kolkata,7,8636.0
2026-09-08,SpiceJet,Bangalore,Delhi,3,8231.0
2026-09-18,Air India,Mumbai,Delhi,13,8800.0
2026-10-10,Indigo,Delhi,Bangalore,35,5253.0
2026-10-21,GoFirst,Hyderabad,Delhi,46,3239.0
2026-09-22,Vistara,Delhi,Kolkata,17,12310.0
2026-09-20,Vistara,Chennai,Hyderabad,15,12356.0
2026-09-18,SpiceJet,Delhi,Kolkata,13,6241.0
2026-09-19,SpiceJet,Chennai,Delhi,14,7021.0
2026-09-06,GoFirst,Mumbai,Bangalore,1,7919.0
2026-10-20,Indigo,Kolkata,Mumbai,45,5801.0
2026-09-14,Air India,Delhi,Mumbai,9,8325.0
2026-10-06,SpiceJet,Kolkata,Chennai,31,5256.0
2026-09-29,Vistara,Bangalore,Delhi,24,11698.0
2026-10-15,Air India,Mumbai,Kolkata,40,5790.0
2026-09-30,AirAsia,Bangalore,Delhi,25,4325.0
2026-10-14,SpiceJet,Delhi,Mumbai,39,4939.0
2026-10-05,Indigo,Bangalore,Kolkata,30,5749.0
2026-09-27,Vistara,Chennai,Delhi,22,11985.0
2026-09-27,SpiceJet,Kolkata,Mumbai,22,7025.0
2026-09-15,Air India,Delhi,Kolkata,10,11505.0
2026-09-16,SpiceJet,Hyderabad,Bangalore,11,8908.0
2026-09-08,Vistara,Delhi,Mumbai,3,14641.0
2026-09-12,Indigo,Hyderabad,Bangalore,7,7572.0
2026-10-05,AirAsia,Bangalore,Chennai,30,5996.0
2026-09-21,Vistara,Chennai,Hyderabad,16,11777.0
2026-10-18,AirAsia,Kolkata,Chennai,43,4500.0
2026-10-15,Indigo,Delhi,Hyderabad,40,6088.0
2026-09-07,Vistara,Bangalore,Kolkata,2,12813.0
2026-09-28,Air India,Hyderabad,Delhi,23,9266.0
2026-09-25,GoFirst,Chennai,Hyderabad,20,7222.0
2026-09-17,GoFirst,Kolkata,Bangalore,12,7358.0
2026-09-20,SpiceJet,Hyderabad,Chennai,15,6758.0
2026-09-28,SpiceJet,Hyderabad,Kolkata,23,6976.0
2026-10-06,Indigo,Mumbai,Chennai,31,5350.0
2026-09-23,GoFirst,Bangalore,Kolkata,18,7586.0
2026-10-22,Vistara,Hyderabad,Bangalore,47,6570.0
2026-10-24,Air India,Kolkata,Hyderabad,49,5798.0
2026-09-08,Vistara,Bangalore,Hyderabad,3,12898.0
2026-10-23,GoFirst,Mumbai,Chennai,48,5175.0
2026-10-19,AirAsia,Mumbai,Hyderabad,44,5121.0
2026-09-12,SpiceJet,Hyderabad,Kolkata,7,8173.0
2026-09-21,Vistara,Hyderabad,Kolkata,16,11177.0
2026-09-24,Air India,Hyderabad,Bangalore,19,10145.0
2026-10-10,SpiceJet,Hyderabad,Bangalore,35,4960.0
2026-09-09,Indigo,Mumbai,Hyderabad,4,7601.0
2026-10-13,GoFirst,Bangalore,Chennai,38,4611.0
2026-10-21,AirAsia,Mumbai,Bangalore,46,4752.0
2026-10-06,SpiceJet,Mumbai,Kolkata,31,4444.0
2026-09-07,SpiceJet,Hyderabad,Mumbai,2,8835.0
2026-09-19,GoFirst,Chennai,Hyderabad,14,5719.0
2026-09-14,SpiceJet,Hyderabad,Bangalore,9,9037.0
2026-09-16,Vistara,Chennai,Delhi,11,11825.0
2026-09-23,Indigo,Mumbai,Delhi,18,7625.0
2026-09-27,SpiceJet,Hyderabad,Mumbai,22,6432.0
2026-09-26,GoFirst,Hyderabad,Delhi,21,6374.0
2026-10-03,Indigo,Mumbai,Delhi,28,6653.0
2026-10-13,GoFirst,Bangalore,Chennai,38,3048.0
2026-10-20,GoFirst,Bangalore,Kolkata,45,3610.0
2026-09-18,SpiceJet,Bangalore,Delhi,13,8250.0
2026-09-30,Indigo,Hyderabad,Delhi,25,8625.0
2026-09-24,AirAsia,Hyderabad,Mumbai,19,6727.0
2026-10-01,Vistara,Kolkata,Hyderabad,26,12513.0
2026-10-03,SpiceJet,Bangalore,Delhi,28,7154.0
2026-10-15,SpiceJet,Chennai,Delhi,40,5922.0
2026-10-23,Indigo,Kolkata,Mumbai,48,4710.0
2026-10-09,Vistara,Kolkata,Chennai,34,8898.0
2026-09-08,Indigo,Bangalore,Kolkata,3,9790.0
2026-09-13,Indigo,Mumbai,Hyderabad,8,7046.0
2026-10-17,Air India,Bangalore,Hyderabad,42,7920.0
2026-09-22,Indigo,Kolkata,Delhi,17,
2026-09-19,Indigo,Kolkata,Delhi,14,8498.0
2026-10-21,GoFirst,Kolkata,Chennai,46,2871.0
2026-09-29,Vistara,Delhi,Mumbai,24,12939.0
2026-09-17,AirAsia,Mumbai,Kolkata,12,5350.0
2026-10-08,Vistara,Kolkata,Hyderabad,33,6909.0
2026-09-14,SpiceJet,Hyderabad,Kolkata,9,7794.0
2026-09-26,GoFirst,Mumbai,Delhi,21,6659.0
2026-09-06,AirAsia,Hyderabad,Mumbai,1,8573.0
2026-09-27,SpiceJet,Bangalore,Hyderabad,22,6506.0
2026-10-14,SpiceJet,Kolkata,Bangalore,39,5950.0
2026-09-07,Indigo,Bangalore,Hyderabad,2,9534.0
2026-09-09,SpiceJet,Chennai,Delhi,4,9707.0
2026-09-11,Vistara,Chennai,Kolkata,6,12288.0
2026-10-24,GoFirst,Bangalore,Delhi,49,3759.0
2026-09-07,Indigo,Hyderabad,Mumbai,2,8808.0
2026-09-10,GoFirst,Delhi,Kolkata,5,6216.0
2026-09-22,Vistara,Hyderabad,Kolkata,17,9464.0
2026-09-30,AirAsia,Delhi,Kolkata,25,6823.0
2026-10-14,Air India,Bangalore,Delhi,39,6269.0
2026-09-09,Vistara,Delhi,Kolkata,4,12729.0
2026-10-05,GoFirst,Kolkata,Chennai,30,4091.0
2026-10-13,GoFirst,Kolkata,Chennai,38,5003.0
2026-10-05,Vistara,Mumbai,Delhi,30,7789.0
2026-09-27,AirAsia,Bangalore,Chennai,22,6423.0
2026-10-10,GoFirst,Kolkata,Chennai,35,5611.0
2026-10-16,Air India,Hyderabad,Mumbai,41,7918.0
2026-10-03,Indigo,Bangalore,Hyderabad,28,4981.0
2026-10-08,SpiceJet,Hyderabad,Mumbai,33,4395.0
2026-09-20,SpiceJet,Mumbai,Delhi,15,8552.0
2026-10-14,Air India,Delhi,Mumbai,39,6197.0
2026-10-02,Vistara,Chennai,Hyderabad,27,8367.0
2026-09-28,Indigo,Delhi,Kolkata,23,8057.0
2026-09-21,Indigo,Hyderabad,Mumbai,16,7868.0
2026-09-24,AirAsia,Hyderabad,Kolkata,19,6712.0
2026-10-23,AirAsia,Kolkata,Hyderabad,48,4019.0
2026-10-19,Air India,Chennai,Hyderabad,44,6786.0
2026-10-20,AirAsia,Bangalore,Delhi,45,3116.0
2026-09-06,GoFirst,Hyderabad,Delhi,1,8445.0
2026-09-30,SpiceJet,Kolkata,Bangalore,25,6793.0
2026-10-01,Vistara,Kolkata,Delhi,26,9707.0
2026-09-29,Indigo,Kolkata,Bangalore,24,9032.0
2026-09-22,GoFirst,Chennai,Hyderabad,17,6880.0
2026-09-29,Air India,Kolkata,Delhi,24,7405.0
2026-09-15,SpiceJet,Kolkata,Mumbai,10,6950.0
2026-10-03,GoFirst,Kolkata,Hyderabad,28,5435.0
2026-10-21,Vistara,Mumbai,Hyderabad,46,7685.0
2026-09-13,Air India,Hyderabad,Bangalore,8,8960.0
2026-10-11,SpiceJet,Chennai,Kolkata,36,4079.0
2026-09-26,Indigo,Chennai,Bangalore,21,8482.0
2026-09-25,AirAsia,Kolkata,Mumbai,20,5116.0
2026-09-06,Air India,Chennai,Mumbai,1,10447.0
2026-09-23,Air India,Mumbai,Delhi,18,8638.0
2026-10-13,SpiceJet,Kolkata,Hyderabad,38,4346.0
2026-10-09,Vistara,Delhi,Bangalore,34,7201.0
2026-10-24,Air India,Delhi,Bangalore,49,7035.0
2026-09-07,Indigo,Hyderabad,Mumbai,2,8120.0
2026-09-06,Air India,Delhi,Kolkata,1,11133.0
2026-09-26,GoFirst,Bangalore,Delhi,21,6824.0
2026-10-18,GoFirst,Delhi,Mumbai,43,4139.0
2026-09-17,Indigo,Kolkata,Bangalore,12,9314.0
2026-09-08,Vistara,Delhi,Bangalore,3,14953.0
2026-10-12,Indigo,Mumbai,Bangalore,37,6272.0
2026-09-09,GoFirst,Kolkata,Hyderabad,4,6998.0
2026-09-11,Air India,Hyderabad,Mumbai,6,11002.0
2026-09-27,Air India,Hyderabad,Kolkata,22,9834.0
2026-10-08,SpiceJet,Hyderabad,Delhi,33,6593.0
2026-09-06,Air India,Delhi,Kolkata,1,10964.0
2026-10-14,SpiceJet,Kolkata,Bangalore,39,4341.0
2026-09-09,AirAsia,Delhi,Bangalore,4,8806.0
2026-10-03,Indigo,Kolkata,Mumbai,28,5454.0
2026-09-10,Air India,Hyderabad,Kolkata,5,11558.0
2026-10-17,Air India,Hyderabad,Mumbai,42,5115.0
2026-10-23,SpiceJet,Hyderabad,Mumbai,48,4980.0
2026-10-08,Indigo,Hyderabad,Mumbai,33,5831.0
2026-09-10,SpiceJet,Mumbai,Bangalore,5,9232.0
2026-09-30,Air India,Bangalore,Hyderabad,25,8075.0
2026-10-08,Vistara,Bangalore,Kolkata,33,10538.0
2026-10-16,AirAsia,Chennai,Hyderabad,41,3410.0
2026-10-10,Vistara,Chennai,Mumbai,35,7255.0
2026-10-03,GoFirst,Hyderabad,Mumbai,28,6498.0
2026-09-29,Indigo,Kolkata,Mumbai,24,6190.0
2026-09-12,SpiceJet,Kolkata,Chennai,7,8821.0
2026-10-10,Indigo,Bangalore,Hyderabad,35,5000.0
2026-10-15,SpiceJet,Delhi,Kolkata,40,4689.0
2026-09-13,Air India,Hyderabad,Mumbai,8,9895.0
2026-10-17,SpiceJet,Delhi,Hyderabad,42,5607.0
2026-10-22,GoFirst,Delhi,Hyderabad,47,3877.0
2026-09-13,Air India,Delhi,Mumbai,8,9365.0
2026-09-07,SpiceJet,Bangalore,Mumbai,2,8039.0
2026-09-25,AirAsia,Kolkata,Chennai,20,6857.0
2026-09-11,SpiceJet,Delhi,Kolkata,6,6947.0
2026-09-28,SpiceJet,Mumbai,Delhi,23,6611.0
2026-09-21,SpiceJet,Kolkata,Bangalore,16,7931.0
2026-10-23,Vistara,Kolkata,Hyderabad,48,7280.0
2026-09-23,SpiceJet,Mumbai,Hyderabad,18,6422.0
2026-10-09,Indigo,Mumbai,Hyderabad,34,5970.0
2026-09-30,SpiceJet,Delhi,Mumbai,25,5060.0
2026-10-16,SpiceJet,Bangalore,Kolkata,41,5443.0
2026-10-22,Air India,Bangalore,Mumbai,47,7237.0
2026-10-22,GoFirst,Bangalore,Chennai,47,5160.0
2026-09-22,SpiceJet,Chennai,Delhi,17,7377.0
2026-10-20,AirAsia,Mumbai,Chennai,45,3073.0
2026-10-19,AirAsia,Delhi,Bangalore,44,4379.0
2026-09-14,AirAsia,Kolkata,Bangalore,9,7961.0
2026-09-10,Indigo,Mumbai,Kolkata,5,9764.0
2026-10-06,AirAsia,Chennai,Bangalore,31,5143.0
2026-10-01,Vistara,Delhi,Hyderabad,26,9046.0
2026-10-06,GoFirst,Hyderabad,Mumbai,31,5443.0
2026-09-18,Indigo,Kolkata,Bangalore,13,8187.0
2026-09-24,Indigo,Hyderabad,Kolkata,19,7367.0
2026-09-18,Vistara,Kolkata,Bangalore,13,12704.0
2026-10-12,Vistara,Chennai,Mumbai,37,7274.0
2026-09-10,AirAsia,Hyderabad,Chennai,5,8065.0
2026-10-06,Vistara,Kolkata,Chennai,31,7042.0
2026-10-12,Vistara,Delhi,Bangalore,37,7303.0
2026-09-24,AirAsia,Hyderabad,Delhi,19,6943.0
2026-10-22,AirAsia,Chennai,Bangalore,47,5390.0
2026-10-05,GoFirst,Bangalore,Mumbai,30,5404.0
2026-09-12,Air India,Mumbai,Delhi,7,9570.0
2026-10-24,Vistara,Delhi,Kolkata,49,8241.0
2026-09-10,AirAsia,Hyderabad,Delhi,5,6961.0
2026-09-08,Air India,Chennai,Delhi,3,9696.0
2026-10-01,Vistara,Bangalore,Chennai,26,10984.0
2026-10-07,Vistara,Kolkata,Delhi,32,10929.0
2026-10-07,Indigo,Mumbai,Bangalore,32,5523.0
2026-09-21,Air India,Kolkata,Delhi,16,9297.0
2026-10-11,GoFirst,Chennai,Mumbai,36,5365.0
2026-10-14,GoFirst,Bangalore,Chennai,39,5217.0
2026-09-08,Air India,Bangalore,Kolkata,3,10486.0
2026-10-02,GoFirst,Hyderabad,Chennai,27,5722.0
2026-09-28,Vistara,Chennai,Bangalore,23,8922.0
2026-10-08,SpiceJet,Kolkata,Delhi,33,4970.0
2026-10-06,Indigo,Kolkata,Bangalore,31,7587.0
2026-10-08,Indigo,Bangalore,Kolkata,33,6665.0
2026-09-29,Indigo,Mumbai,Chennai,24,6613.0
2026-09-10,GoFirst,Kolkata,Bangalore,5,7863.0
2026-09-22,Vistara,Hyderabad,Chennai,17,11833.0
2026-10-05,GoFirst,Chennai,Delhi,30,6541.0
2026-10-17,Indigo,Kolkata,Delhi,42,6266.0
2026-10-05,Air India,Bangalore,Chennai,30,8213.0
2026-09-18,SpiceJet,Mumbai,Delhi,13,7425.0
2026-09-27,Vistara,Mumbai,Delhi,22,10625.0
2026-09-11,Indigo,Bangalore,Mumbai,6,10636.0
2026-10-04,Air India,Kolkata,Hyderabad,29,8975.0
2026-10-23,Air India,Mumbai,Chennai,48,6282.0
2026-10-10,Vistara,Mumbai,Delhi,35,8587.0
2026-10-10,AirAsia,Delhi,Hyderabad,35,4264.0
2026-10-24,GoFirst,Kolkata,Hyderabad,49,3246.0
2026-09-09,AirAsia,Delhi,Mumbai,4,6405.0
2026-09-23,SpiceJet,Mumbai,Hyderabad,18,7409.0
2026-09-13,Air India,Kolkata,Hyderabad,8,8935.0
2026-10-23,GoFirst,Chennai,Kolkata,48,4117.0
2026-09-13,GoFirst,Chennai,Bangalore,8,6310.0
2026-09-14,GoFirst,Delhi,Chennai,9,6823.0
2026-09-11,Vistara,Delhi,Bangalore,6,11634.0
2026-10-22,Air India,Delhi,Hyderabad,47,7350.0
2026-09-23,SpiceJet,Hyderabad,Chennai,18,6169.0
2026-09-21,Air India,Hyderabad,Delhi,16,8526.0
2026-10-19,Vistara,Kolkata,Chennai,44,9573.0
2026-10-22,GoFirst,Mumbai,Chennai,47,4379.0
2026-09-19,Vistara,Mumbai,Delhi,14,12091.0
2026-09-30,Vistara,Bangalore,Delhi,25,
2026-10-12,Indigo,Hyderabad,Chennai,37,7477.0
2026-09-13,Vistara,Delhi,Mumbai,8,12869.0
2026-09-28,SpiceJet,Hyderabad,Delhi,23,5092.0
2026-10-08,Indigo,Chennai,Mumbai,33,5246.0
2026-09-30,SpiceJet,Bangalore,Kolkata,25,6780.0
2026-10-20,AirAsia,Chennai,Hyderabad,45,4293.0
2026-10-13,GoFirst,Chennai,Kolkata,38,3409.0
2026-09-20,SpiceJet,Hyderabad,Kolkata,15,7730.0
2026-09-08,Indigo,Mumbai,Chennai,3,10447.0
2026-10-17,GoFirst,Mumbai,Hyderabad,42,4401.0
2026-10-19,Air India,Hyderabad,Delhi,44,5751.0
2026-09-06,Air India,Chennai,Hyderabad,1,9787.0
2026-09-08,AirAsia,Bangalore,Delhi,3,8752.0
2026-09-19,SpiceJet,Mumbai,Delhi,14,6784.0
2026-10-03,Air India,Mumbai,Chennai,28,6978.0
2026-09-27,AirAsia,Delhi,Mumbai,22,7481.0
2026-10-19,Air India,Kolkata,Chennai,44,7380.0
2026-10-16,GoFirst,Bangalore,Mumbai,41,
2026-09-09,Air India,Hyderabad,Chennai,4,12275.0
2026-10-17,SpiceJet,Hyderabad,Kolkata,42,5027.0
2026-10-16,Air India,Mumbai,Delhi,41,6841.0
2026-09-25,AirAsia,Chennai,Mumbai,20,6048.0
2026-09-20,Indigo,Mumbai,Chennai,15,9657.0
2026-09-12,Air India,Bangalore,Chennai,7,10812.0
2026-10-19,Vistara,Bangalore,Chennai,44,6600.0
2026-09-27,Air India,Bangalore,Mumbai,22,8521.0
2026-10-11,Air India,Hyderabad,Mumbai,36,8245.0
2026-10-03,GoFirst,Kolkata,Bangalore,28,5485.0
2026-09-24,SpiceJet,Bangalore,Mumbai,19,5665.0
2026-10-13,Air India,Mumbai,Bangalore,38,8598.0
2026-10-02,Indigo,Mumbai,Delhi,27,5183.0
2026-10-08,Air India,Kolkata,Bangalore,33,5952.0
2026-09-23,Air India,Kolkata,Mumbai,18,9965.0
2026-10-24,Vistara,Bangalore,Delhi,49,7084.0
2026-09-24,SpiceJet,Kolkata,Mumbai,19,6335.0
2026-10-12,AirAsia,Bangalore,Mumbai,37,5322.0
2026-10-05,SpiceJet,Bangalore,Chennai,30,4659.0
2026-10-04,Indigo,Kolkata,Bangalore,29,6696.0
2026-09-16,Indigo,Chennai,Kolkata,11,9057.0
2026-09-19,SpiceJet,Mumbai,Delhi,14,5762.0
2026-09-13,Vistara,Kolkata,Mumbai,8,10651.0
2026-10-14,Air India,Hyderabad,Mumbai,39,6020.0
2026-09-15,Vistara,Kolkata,Mumbai,10,13560.0
2026-09-21,AirAsia,Delhi,Kolkata,16,5891.0
2026-10-20,AirAsia,Chennai,Mumbai,45,4782.0
2026-10-11,Vistara,Bangalore,Chennai,36,8117.0
2026-09-13,GoFirst,Mumbai,Hyderabad,8,7336.0
2026-10-21,Vistara,Mumbai,Hyderabad,46,10003.0
2026-10-17,GoFirst,Mumbai,Hyderabad,42,5102.0
2026-09-27,AirAsia,Mumbai,Delhi,22,5313.0
2026-10-24,AirAsia,Mumbai,Bangalore,49,2922.0
2026-09-29,Vistara,Delhi,Chennai,24,11484.0
2026-10-04,Indigo,Mumbai,Hyderabad,29,7357.0
2026-10-23,Vistara,Delhi,Chennai,48,9265.0
2026-10-20,Air India,Kolkata,Bangalore,45,5537.0
2026-09-24,GoFirst,Delhi,Hyderabad,19,5175.0
2026-10-08,Air India,Delhi,Chennai,33,8067.0
2026-09-28,Air India,Bangalore,Mumbai,23,8966.0
2026-09-18,GoFirst,Bangalore,Delhi,13,7742.0
2026-10-19,GoFirst,Bangalore,Hyderabad,44,4004.0
2026-10-07,Indigo,Chennai,Hyderabad,32,6981.0
2026-10-22,GoFirst,Hyderabad,Chennai,47,3415.0
2026-10-04,AirAsia,Chennai,Mumbai,29,5390.0
2026-09-19,SpiceJet,Bangalore,Delhi,14,8843.0
2026-10-03,Air India,Mumbai,Delhi,28,7206.0
2026-10-03,GoFirst,Mumbai,Bangalore,28,5090.0
2026-10-02,SpiceJet,Kolkata,Hyderabad,27,5803.0
2026-09-24,Air India,Delhi,Chennai,19,9028.0
2026-09-12,Vistara,Bangalore,Delhi,7,13349.0
2026-10-10,Vistara,Hyderabad,Bangalore,35,8495.0
2026-10-04,Vistara,Kolkata,Hyderabad,29,10054.0
2026-09-18,GoFirst,Delhi,Kolkata,13,7186.0
2026-09-23,SpiceJet,Hyderabad,Mumbai,18,7685.0
2026-10-04,Indigo,Delhi,Kolkata,29,5843.0
2026-10-08,Air India,Hyderabad,Delhi,33,7679.0
2026-10-07,Indigo,Kolkata,Delhi,32,5519.0
2026-09-11,SpiceJet,Bangalore,Chennai,6,7575.0
2026-10-04,SpiceJet,Hyderabad,Kolkata,29,6452.0
2026-09-06,AirAsia,Bangalore,Hyderabad,1,7948.0
2026-10-22,SpiceJet,Bangalore,Hyderabad,47,3164.0
2026-09-13,SpiceJet,Delhi,Chennai,8,6812.0
2026-09-06,Vistara,Mumbai,Delhi,1,12494.0
2026-09-27,GoFirst,Chennai,Hyderabad,22,5761.0
2026-10-23,SpiceJet,Bangalore,Kolkata,48,4436.0
2026-10-09,Vistara,Delhi,Hyderabad,34,11001.0
2026-09-14,Vistara,Bangalore,Hyderabad,9,12887.0
2026-10-13,Air India,Bangalore,Hyderabad,38,7873.0
2026-09-23,AirAsia,Bangalore,Chennai,18,5602.0
2026-09-15,SpiceJet,Chennai,Hyderabad,10,8823.0
2026-09-10,AirAsia,Chennai,Hyderabad,5,6564.0
2026-09-17,Vistara,Mumbai,Bangalore,12,10998.0
2026-09-10,Indigo,Hyderabad,Chennai,5,9205.0
2026-10-11,SpiceJet,Bangalore,Hyderabad,36,5047.0
2026-09-28,Vistara,Kolkata,Mumbai,23,11617.0
2026-09-13,Vistara,Kolkata,Chennai,8,12827.0
2026-09-18,AirAsia,Kolkata,Delhi,13,5613.0
2026-10-07,GoFirst,Mumbai,Hyderabad,32,5566.0
2026-09-07,Indigo,Delhi,Bangalore,2,9302.0
2026-10-08,GoFirst,Kolkata,Hyderabad,33,5577.0
2026-10-05,AirAsia,Bangalore,Delhi,30,6242.0
2026-09-10,SpiceJet,Delhi,Kolkata,5,9463.0
2026-09-22,Vistara,Delhi,Chennai,17,11106.0
2026-09-12,AirAsia,Mumbai,Chennai,7,8181.0
2026-10-17,SpiceJet,Chennai,Mumbai,42,4111.0
2026-09-23,GoFirst,Delhi,Mumbai,18,6706.0
2026-09-20,Indigo,Hyderabad,Mumbai,15,8986.0
2026-10-02,Vistara,Chennai,Mumbai,27,11570.0
2026-10-09,Air India,Kolkata,Mumbai,34,7824.0
2026-09-20,Indigo,Hyderabad,Bangalore,15,6186.0
2026-09-29,Air India,Mumbai,Delhi,24,7518.0
2026-10-17,AirAsia,Delhi,Chennai,42,4443.0
2026-09-28,SpiceJet,Delhi,Chennai,23,8005.0
2026-09-12,SpiceJet,Chennai,Kolkata,7,8941.0
2026-09-26,Indigo,Chennai,Bangalore,21,8559.0
2026-10-02,Vistara,Mumbai,Hyderabad,27,8776.0
2026-10-12,AirAsia,Hyderabad,Chennai,37,6122.0
2026-10-23,Vistara,Kolkata,Chennai,48,5599.0
2026-09-13,Indigo,Kolkata,Hyderabad,8,9052.0
2026-09-11,Vistara,Delhi,Bangalore,6,
2026-09-21,GoFirst,Delhi,Mumbai,16,5066.0
2026-09-30,AirAsia,Kolkata,Delhi,25,6836.0
2026-10-03,Vistara,Chennai,Bangalore,28,9516.0
2026-09-21,Air India,Hyderabad,Mumbai,16,7838.0
2026-10-17,Vistara,Hyderabad,Kolkata,42,7306.0
2026-09-12,Indigo,Chennai,Delhi,7,7430.0
2026-09-07,AirAsia,Kolkata,Chennai,2,8038.0
2026-09-29,Vistara,Delhi,Mumbai,24,11712.0
2026-09-29,AirAsia,Chennai,Delhi,24,4949.0
2026-09-24,Vistara,Bangalore,Delhi,19,10273.0
2026-09-08,Vistara,Bangalore,Chennai,3,14987.0
2026-09-25,AirAsia,Kolkata,Chennai,20,6947.0
2026-10-11,SpiceJet,Chennai,Bangalore,36,6182.0
2026-10-18,Indigo,Bangalore,Delhi,43,4881.0
2026-09-12,Air India,Hyderabad,Chennai,7,9537.0
2026-10-05,Vistara,Delhi,Bangalore,30,10928.0
2026-10-09,AirAsia,Chennai,Bangalore,34,4362.0
2026-10-13,Vistara,Bangalore,Hyderabad,38,7850.0
2026-09-20,GoFirst,Hyderabad,Bangalore,15,6555.0
2026-09-11,Indigo,Mumbai,Delhi,6,9647.0
2026-09-16,Indigo,Delhi,Mumbai,11,7825.0
2026-10-17,GoFirst,Chennai,Bangalore,42,4190.0
2026-10-21,Air India,Kolkata,Hyderabad,46,4921.0
2026-09-30,AirAsia,Mumbai,Bangalore,25,6020.0
2026-10-12,SpiceJet,Hyderabad,Delhi,37,4111.0
2026-10-11,AirAsia,Chennai,Kolkata,36,5129.0
2026-09-30,SpiceJet,Chennai,Hyderabad,25,5497.0
2026-10-20,Indigo,Bangalore,Kolkata,45,3927.0
2026-09-22,Vistara,Kolkata,Hyderabad,17,11816.0
2026-09-19,Indigo,Mumbai,Delhi,14,8440.0
2026-10-17,Vistara,Chennai,Bangalore,42,8545.0
2026-09-10,GoFirst,Delhi,Chennai,5,6951.0
2026-09-12,GoFirst,Bangalore,Delhi,7,8201.0
2026-09-25,SpiceJet,Mumbai,Bangalore,20,7260.0
2026-09-20,Air India,Mumbai,Chennai,15,10960.0
2026-09-22,AirAsia,Hyderabad,Bangalore,17,5936.0
2026-09-24,Vistara,Delhi,Mumbai,19,11475.0
2026-09-28,Air India,Delhi,Bangalore,23,9630.0
2026-10-10,Vistara,Mumbai,Hyderabad,35,8304.0
2026-09-25,Indigo,Hyderabad,Kolkata,20,8485.0
2026-09-22,Air India,Bangalore,Hyderabad,17,8285.0
2026-09-18,Vistara,Hyderabad,Mumbai,13,14458.0
2026-10-06,GoFirst,Mumbai,Delhi,31,4935.0
2026-10-15,Indigo,Hyderabad,Kolkata,40,4456.0
2026-09-19,Vistara,Bangalore,Mumbai,14,10828.0
2026-10-21,Vistara,Mumbai,Kolkata,46,7279.0
2026-10-21,Vistara,Bangalore,Hyderabad,46,7285.0
2026-09-14,AirAsia,Mumbai,Kolkata,9,6411.0
2026-10-09,AirAsia,Chennai,Delhi,34,6266.0
2026-09-26,GoFirst,Kolkata,Mumbai,21,5655.0
2026-10-10,GoFirst,Hyderabad,Bangalore,35,3479.0
2026-09-25,GoFirst,Delhi,Mumbai,20,5153.0
2026-10-19,GoFirst,Kolkata,Hyderabad,44,2720.0
2026-09-08,AirAsia,Delhi,Chennai,3,7200.0
2026-10-12,GoFirst,Kolkata,Chennai,37,4597.0
2026-09-26,Air India,Chennai,Mumbai,21,8386.0
2026-10-21,GoFirst,Hyderabad,Mumbai,46,3784.0
2026-09-18,GoFirst,Chennai,Kolkata,13,5141.0
2026-10-12,GoFirst,Chennai,Hyderabad,37,3725.0
2026-09-21,Air India,Bangalore,Mumbai,16,10493.0
2026-10-09,GoFirst,Bangalore,Hyderabad,34,5084.0
2026-09-10,SpiceJet,Mumbai,Kolkata,5,9091.0
2026-10-08,GoFirst,Bangalore,Delhi,33,6048.0
2026-10-16,Indigo,Mumbai,Chennai,41,6017.0
2026-09-26,AirAsia,Hyderabad,Chennai,21,6697.0
2026-09-18,AirAsia,Kolkata,Mumbai,13,8138.0
2026-09-11,Air India,Mumbai,Delhi,6,11355.0
2026-10-19,Vistara,Hyderabad,Mumbai,44,7363.0
2026-10-06,Air India,Chennai,Bangalore,31,8062.0
2026-09-17,Vistara,Delhi,Hyderabad,12,12271.0
2026-09-27,Air India,Mumbai,Delhi,22,8273.0
2026-09-23,Air India,Kolkata,Mumbai,18,7785.0
2026-09-23,AirAsia,Bangalore,Hyderabad,18,7378.0
2026-10-17,Indigo,Chennai,Delhi,42,
2026-09-27,Vistara,Chennai,Hyderabad,22,13246.0
2026-10-16,Indigo,Bangalore,Delhi,41,5231.0
2026-09-19,Vistara,Kolkata,Hyderabad,14,10657.0
2026-10-14,Vistara,Bangalore,Chennai,39,7916.0
2026-10-05,GoFirst,Bangalore,Mumbai,30,5610.0
2026-10-02,Vistara,Delhi,Mumbai,27,10332.0
2026-10-21,Air India,Delhi,Chennai,46,4438.0
2026-10-16,Air India,Hyderabad,Bangalore,41,5430.0
2026-09-28,Vistara,Bangalore,Delhi,23,9686.0
2026-09-10,Air India,Delhi,Hyderabad,5,10943.0
2026-09-17,Air India,Hyderabad,Mumbai,12,11227.0
2026-10-08,AirAsia,Hyderabad,Bangalore,33,6387.0
2026-09-14,AirAsia,Bangalore,Kolkata,9,8091.0
2026-10-11,Vistara,Bangalore,Hyderabad,36,7804.0
2026-10-15,SpiceJet,Bangalore,Mumbai,40,6251.0
2026-09-10,GoFirst,Delhi,Mumbai,5,6669.0
2026-09-24,AirAsia,Kolkata,Delhi,19,7338.0
2026-09-08,Vistara,Kolkata,Chennai,3,
2026-09-12,AirAsia,Kolkata,Hyderabad,7,7727.0
2026-10-23,AirAsia,Delhi,Bangalore,48,4136.0
2026-09-11,Air India,Bangalore,Kolkata,6,10024.0
2026-09-22,AirAsia,Kolkata,Hyderabad,17,6139.0
2026-10-23,SpiceJet,Chennai,Hyderabad,48,5455.0
2026-10-14,GoFirst,Hyderabad,Chennai,39,5189.0
2026-09-30,Indigo,Delhi,Hyderabad,25,6685.0
2026-10-12,Indigo,Delhi,Bangalore,37,5238.0
2026-09-25,Vistara,Hyderabad,Mumbai,20,11657.0
2026-09-25,SpiceJet,Bangalore,Mumbai,20,8132.0
2026-10-10,GoFirst,Kolkata,Mumbai,35,3872.0
2026-09-19,GoFirst,Chennai,Delhi,14,6147.0
2026-09-09,Indigo,Hyderabad,Chennai,4,8961.0
2026-09-28,AirAsia,Bangalore,Mumbai,23,5214.0
2026-10-19,AirAsia,Delhi,Mumbai,44,6034.0
2026-09-08,AirAsia,Hyderabad,Delhi,3,9161.0
2026-10-01,AirAsia,Delhi,Hyderabad,26,5698.0
2026-10-19,SpiceJet,Mumbai,Delhi,44,4907.0
2026-10-14,SpiceJet,Chennai,Hyderabad,39,4554.0
2026-09-30,GoFirst,Chennai,Delhi,25,5766.0
2026-09-18,SpiceJet,Kolkata,Hyderabad,13,8015.0
2026-09-13,GoFirst,Chennai,Kolkata,8,6638.0
2026-10-05,Vistara,Chennai,Hyderabad,30,8130.0
2026-09-26,AirAsia,Hyderabad,Bangalore,21,7363.0
2026-09-12,SpiceJet,Delhi,Bangalore,7,8475.0
2026-10-01,Vistara,Kolkata,Chennai,26,10871.0
2026-09-27,Vistara,Kolkata,Bangalore,22,10453.0
2026-09-08,Air India,Delhi,Kolkata,3,11395.0
2026-10-10,Air India,Delhi,Bangalore,35,8270.0
2026-10-19,SpiceJet,Mumbai,Kolkata,44,5668.0
2026-09-10,Air India,Chennai,Kolkata,5,10560.0
2026-10-02,GoFirst,Kolkata,Delhi,27,5028.0
2026-10-21,Vistara,Chennai,Hyderabad,46,6195.0
2026-10-02,AirAsia,Chennai,Hyderabad,27,6360.0
2026-10-01,Indigo,Bangalore,Mumbai,26,7711.0
2026-09-30,Air India,Delhi,Hyderabad,25,7717.0
2026-10-22,Air India,Hyderabad,Bangalore,47,5928.0
2026-10-24,Vistara,Kolkata,Hyderabad,49,7493.0
2026-09-13,GoFirst,Mumbai,Bangalore,8,5691.0
2026-09-16,GoFirst,Bangalore,Kolkata,11,8261.0
2026-10-21,Vistara,Bangalore,Mumbai,46,8231.0
2026-10-02,SpiceJet,Chennai,Bangalore,27,5747.0
2026-10-01,Vistara,Bangalore,Chennai,26,12454.0
2026-09-09,AirAsia,Chennai,Bangalore,4,9116.0
2026-10-08,Vistara,Hyderabad,Bangalore,33,8092.0
2026-10-09,Vistara,Mumbai,Bangalore,34,9948.0
2026-09-24,Indigo,Mumbai,Chennai,19,8094.0
2026-10-12,SpiceJet,Kolkata,Hyderabad,37,5221.0
2026-10-20,SpiceJet,Bangalore,Chennai,45,3810.0
2026-10-11,Indigo,Kolkata,Bangalore,36,5392.0
2026-10-06,Vistara,Delhi,Mumbai,31,8806.0
2026-09-15,Indigo,Delhi,Chennai,10,9889.0
2026-10-09,GoFirst,Delhi,Mumbai,34,5857.0
2026-10-13,Air India,Bangalore,Hyderabad,38,7174.0
2026-10-21,Vistara,Chennai,Bangalore,46,8164.0
2026-09-06,GoFirst,Bangalore,Mumbai,1,8149.0
2026-10-21,Vistara,Delhi,Hyderabad,46,7956.0
2026-09-26,Air India,Mumbai,Bangalore,21,9811.0
2026-09-24,AirAsia,Bangalore,Chennai,19,6496.0
2026-10-17,Indigo,Kolkata,Chennai,42,4964.0
2026-10-09,GoFirst,Mumbai,Kolkata,34,5738.0
2026-10-23,SpiceJet,Bangalore,Mumbai,48,3163.0
2026-09-19,Indigo,Chennai,Kolkata,14,7163.0
2026-10-23,GoFirst,Chennai,Kolkata,48,4214.0
2026-09-15,SpiceJet,Hyderabad,Mumbai,10,9022.0
2026-09-18,AirAsia,Mumbai,Delhi,13,6613.0
2026-10-01,AirAsia,Kolkata,Mumbai,26,7506.0
2026-09-30,AirAsia,Delhi,Chennai,25,4983.0
2026-09-07,Vistara,Bangalore,Delhi,2,13357.0
2026-09-18,Vistara,Bangalore,Delhi,13,14264.0
2026-09-07,Air India,Bangalore,Chennai,2,10007.0
2026-09-29,Vistara,Mumbai,Kolkata,24,10978.0
2026-10-16,Air India,Bangalore,Delhi,41,6765.0
2026-09-23,Indigo,Chennai,Delhi,18,8561.0
2026-10-11,SpiceJet,Mumbai,Chennai,36,4116.0
2026-10-24,Air India,Bangalore,Delhi,49,4170.0
2026-10-21,Air India,Delhi,Mumbai,46,4755.0
2026-10-09,SpiceJet,Hyderabad,Chennai,34,5312.0
2026-10-03,SpiceJet,Mumbai,Bangalore,28,5383.0
2026-10-22,Indigo,Kolkata,Delhi,47,3720.0
2026-10-12,AirAsia,Hyderabad,Mumbai,37,5738.0
2026-10-03,SpiceJet,Chennai,Mumbai,28,4982.0
2026-10-13,Indigo,Delhi,Kolkata,38,5433.0
2026-09-17,Air India,Kolkata,Chennai,12,10939.0
2026-10-12,GoFirst,Mumbai,Bangalore,37,5562.0
2026-09-09,AirAsia,Chennai,Hyderabad,4,7355.0
2026-10-03,Vistara,Bangalore,Kolkata,28,11776.0
2026-10-21,Air India,Mumbai,Delhi,46,6274.0
2026-09-06,AirAsia,Kolkata,Hyderabad,1,7425.0
2026-10-09,AirAsia,Chennai,Delhi,34,4206.0
2026-09-13,GoFirst,Chennai,Mumbai,8,7013.0
2026-09-22,AirAsia,Kolkata,Bangalore,17,6224.0
2026-09-06,SpiceJet,Delhi,Bangalore,1,7862.0
2026-09-06,Air India,Kolkata,Bangalore,1,12192.0
2026-10-20,SpiceJet,Hyderabad,Delhi,45,5072.0
2026-10-04,Indigo,Bangalore,Kolkata,29,7873.0
2026-10-04,Air India,Hyderabad,Bangalore,29,6720.0
2026-10-14,AirAsia,Delhi,Bangalore,39,5320.0
2026-10-16,GoFirst,Mumbai,Chennai,41,4906.0
2026-10-06,SpiceJet,Mumbai,Kolkata,31,4704.0
2026-10-05,AirAsia,Mumbai,Delhi,30,4964.0
2026-10-23,Air India,Chennai,Mumbai,48,6084.0
2026-10-06,Indigo,Kolkata,Delhi,31,7625.0
2026-10-20,Air India,Hyderabad,Bangalore,45,4557.0
2026-09-24,AirAsia,Delhi,Chennai,19,7715.0
2026-09-30,Air India,Mumbai,Bangalore,25,8088.0
2026-09-17,Vistara,Bangalore,Mumbai,12,12631.0
2026-09-07,Indigo,Hyderabad,Mumbai,2,10284.0
2026-09-20,GoFirst,Hyderabad,Delhi,15,6996.0
2026-09-16,AirAsia,Mumbai,Delhi,11,
2026-10-13,AirAsia,Chennai,Bangalore,38,4560.0
2026-10-09,Air India,Bangalore,Hyderabad,34,6835.0
2026-10-19,SpiceJet,Chennai,Mumbai,44,4716.0
2026-09-11,Vistara,Chennai,Mumbai,6,15306.0
2026-10-21,Air India,Mumbai,Chennai,46,6837.0
2026-09-30,GoFirst,Delhi,Kolkata,25,5397.0
2026-10-23,Air India,Bangalore,Delhi,48,6760.0
2026-09-25,AirAsia,Kolkata,Bangalore,20,5588.0
2026-10-01,Indigo,Hyderabad,Kolkata,26,7351.0
2026-09-17,Indigo,Delhi,Bangalore,12,9289.0
2026-09-24,GoFirst,Chennai,Delhi,19,5191.0
2026-10-02,Vistara,Hyderabad,Bangalore,27,11874.0
2026-10-14,Vistara,Bangalore,Kolkata,39,10577.0
2026-09-24,SpiceJet,Kolkata,Delhi,19,5847.0
2026-09-21,Vistara,Chennai,Hyderabad,16,12482.0
2026-10-10,GoFirst,Kolkata,Bangalore,35,3523.0
2026-09-26,Indigo,Bangalore,Delhi,21,8065.0
2026-10-11,SpiceJet,Kolkata,Delhi,36,4664.0
2026-09-18,SpiceJet,Mumbai,Bangalore,13,7225.0
2026-09-23,GoFirst,Delhi,Hyderabad,18,7515.0
2026-09-25,Vistara,Kolkata,Mumbai,20,12895.0
2026-09-06,Vistara,Mumbai,Delhi,1,15757.0
2026-10-05,GoFirst,Chennai,Bangalore,30,4105.0
2026-10-11,Indigo,Bangalore,Kolkata,36,4746.0
2026-10-04,Vistara,Kolkata,Chennai,29,9963.0
2026-09-16,Vistara,Chennai,Delhi,11,11582.0
2026-09-18,GoFirst,Kolkata,Mumbai,13,5241.0
2026-09-13,Vistara,Delhi,Kolkata,8,15133.0
2026-10-24,GoFirst,Hyderabad,Chennai,49,4037.0
2026-09-13,Air India,Delhi,Chennai,8,11794.0
2026-10-23,Air India,Chennai,Kolkata,48,4880.0
2026-10-19,AirAsia,Hyderabad,Bangalore,44,3410.0
2026-09-30,AirAsia,Mumbai,Delhi,25,4985.0
2026-10-21,Indigo,Kolkata,Chennai,46,5381.0
2026-09-28,SpiceJet,Chennai,Kolkata,23,5848.0
2026-09-07,Vistara,Delhi,Kolkata,2,13245.0
2026-10-20,Indigo,Mumbai,Hyderabad,45,6446.0
2026-10-11,AirAsia,Mumbai,Bangalore,36,4960.0
2026-09-14,GoFirst,Delhi,Hyderabad,9,7154.0
2026-09-10,Vistara,Kolkata,Mumbai,5,14025.0
2026-09-30,AirAsia,Mumbai,Kolkata,25,5555.0
2026-10-05,Air India,Chennai,Mumbai,30,7342.0
2026-09-30,Vistara,Delhi,Kolkata,25,11083.0
2026-10-23,Vistara,Delhi,Bangalore,48,5979.0
2026-09-10,Vistara,Delhi,Mumbai,5,12988.0
2026-09-07,Vistara,Hyderabad,Kolkata,2,11867.0
2026-10-22,SpiceJet,Delhi,Mumbai,47,6055.0
2026-09-21,Indigo,Kolkata,Delhi,16,6222.0
2026-10-21,Air India,Delhi,Mumbai,46,6828.0
2026-10-09,GoFirst,Hyderabad,Mumbai,34,4045.0
2026-09-28,AirAsia,Delhi,Chennai,23,5867.0
2026-09-20,Indigo,Chennai,Delhi,15,6816.0
2026-10-21,SpiceJet,Hyderabad,Kolkata,46,5944.0
2026-10-05,Air India,Hyderabad,Mumbai,30,7305.0
2026-10-12,Indigo,Delhi,Mumbai,37,6548.0
2026-09-18,Vistara,Hyderabad,Kolkata,13,11076.0
2026-10-14,Indigo,Mumbai,Hyderabad,39,5023.0
2026-10-04,Vistara,Bangalore,Hyderabad,29,11549.0
2026-09-23,AirAsia,Kolkata,Delhi,18,6019.0
2026-09-20,Vistara,Delhi,Bangalore,15,10394.0
2026-09-25,AirAsia,Hyderabad,Mumbai,20,5000.0
2026-09-13,GoFirst,Chennai,Delhi,8,
2026-09-14,SpiceJet,Delhi,Chennai,9,6682.0
2026-09-20,SpiceJet,Delhi,Kolkata,15,8139.0
2026-10-02,SpiceJet,Bangalore,Hyderabad,27,5795.0
2026-09-22,SpiceJet,Chennai,Kolkata,17,6235.0
2026-10-16,SpiceJet,Chennai,Kolkata,41,5219.0
2026-10-06,Indigo,Hyderabad,Chennai,31,7123.0
2026-10-04,GoFirst,Delhi,Chennai,29,4459.0
2026-09-13,Air India,Mumbai,Chennai,8,8756.0
2026-09-23,SpiceJet,Hyderabad,Bangalore,18,7654.0
2026-09-29,AirAsia,Mumbai,Delhi,24,7037.0
2026-09-22,SpiceJet,Mumbai,Hyderabad,17,8175.0
2026-10-16,Indigo,Mumbai,Chennai,41,6524.0
2026-10-23,AirAsia,Chennai,Mumbai,48,5103.0
2026-10-17,Indigo,Hyderabad,Bangalore,42,6256.0
2026-09-29,Vistara,Chennai,Delhi,24,8797.0
2026-09-29,GoFirst,Kolkata,Delhi,24,6481.0
2026-10-10,Air India,Delhi,Bangalore,35,7809.0
2026-10-11,Vistara,Hyderabad,Bangalore,36,7213.0
2026-09-16,AirAsia,Mumbai,Delhi,11,6762.0
2026-10-01,Air India,Chennai,Mumbai,26,8920.0
2026-10-06,Air India,Chennai,Delhi,31,8235.0
2026-09-07,Air India,Bangalore,Kolkata,2,11072.0
2026-10-19,SpiceJet,Mumbai,Kolkata,44,5582.0
2026-09-10,Air India,Kolkata,Delhi,5,10244.0
2026-10-19,GoFirst,Chennai,Mumbai,44,4519.0
2026-09-12,SpiceJet,Delhi,Mumbai,7,7787.0
2026-09-06,GoFirst,Hyderabad,Delhi,1,6951.0
2026-09-10,GoFirst,Bangalore,Delhi,5,8258.0
2026-10-02,Air India,Chennai,Delhi,27,9288.0
2026-10-10,Vistara,Chennai,Bangalore,35,8440.0
2026-09-15,AirAsia,Chennai,Delhi,10,6471.0
2026-09-06,Indigo,Bangalore,Delhi,1,10469.0
2026-10-11,SpiceJet,Bangalore,Mumbai,36,6339.0
2026-10-12,Vistara,Mumbai,Hyderabad,37,9839.0
2026-10-20,AirAsia,Kolkata,Chennai,45,5602.0
2026-10-02,Air India,Chennai,Mumbai,27,6417.0
2026-09-09,SpiceJet,Hyderabad,Delhi,4,8545.0
2026-10-22,GoFirst,Kolkata,Delhi,47,4187.0
2026-09-11,Vistara,Kolkata,Mumbai,6,11636.0
2026-10-19,AirAsia,Kolkata,Delhi,44,5278.0
2026-09-07,Indigo,Bangalore,Hyderabad,2,8529.0
2026-10-10,SpiceJet,Mumbai,Delhi,35,6019.0
2026-10-03,Vistara,Mumbai,Hyderabad,28,8967.0
2026-09-26,AirAsia,Mumbai,Chennai,21,4942.0
2026-09-17,AirAsia,Mumbai,Hyderabad,12,6798.0
2026-10-13,Indigo,Delhi,Mumbai,38,4114.0
2026-10-07,SpiceJet,Bangalore,Kolkata,32,4231.0
2026-10-02,GoFirst,Delhi,Kolkata,27,6535.0
2026-09-20,SpiceJet,Bangalore,Kolkata,15,7930.0
2026-10-14,AirAsia,Kolkata,Chennai,39,3563.0
2026-10-07,AirAsia,Delhi,Mumbai,32,4628.0
2026-10-16,Indigo,Hyderabad,Bangalore,41,5786.0
2026-10-08,Vistara,Chennai,Delhi,33,9691.0
2026-09-15,AirAsia,Mumbai,Chennai,10,8811.0
2026-10-16,Vistara,Bangalore,Chennai,41,6373.0
2026-10-15,Indigo,Mumbai,Delhi,40,4111.0
2026-10-22,AirAsia,Mumbai,Chennai,47,4758.0
2026-09-08,Vistara,Mumbai,Hyderabad,3,12196.0
2026-10-11,GoFirst,Hyderabad,Chennai,36,3774.0
2026-10-24,AirAsia,Mumbai,Bangalore,49,2784.0
2026-10-19,Air India,Hyderabad,Mumbai,44,6685.0
2026-09-23,AirAsia,Chennai,Bangalore,18,6176.0
2026-09-17,GoFirst,Delhi,Chennai,12,7815.0
2026-09-17,Air India,Bangalore,Mumbai,12,11973.0
2026-09-25,GoFirst,Mumbai,Delhi,20,5140.0
2026-09-15,Indigo,Chennai,Bangalore,10,9465.0
2026-09-10,AirAsia,Chennai,Bangalore,5,6951.0
2026-09-13,Vistara,Mumbai,Bangalore,8,12943.0
2026-10-13,GoFirst,Bangalore,Mumbai,38,3119.0
2026-10-13,GoFirst,Delhi,Hyderabad,38,4562.0
2026-09-22,SpiceJet,Bangalore,Chennai,17,7758.0
2026-09-21,Vistara,Delhi,Chennai,16,10281.0
2026-09-14,GoFirst,Chennai,Mumbai,9,7314.0
2026-09-10,SpiceJet,Chennai,Bangalore,5,9402.0
2026-10-24,Air India,Kolkata,Hyderabad,49,5869.0
2026-10-19,Air India,Bangalore,Kolkata,44,6030.0
2026-09-26,Vistara,Chennai,Bangalore,21,11453.0
2026-10-02,GoFirst,Bangalore,Kolkata,27,5750.0
2026-10-23,GoFirst,Delhi,Bangalore,48,3122.0
2026-10-23,Air India,Chennai,Kolkata,48,5963.0
2026-09-06,Air India,Bangalore,Hyderabad,1,11997.0
2026-09-27,Indigo,Kolkata,Hyderabad,22,7680.0
2026-09-08,Vistara,Delhi,Mumbai,3,14645.0
2026-09-23,Vistara,Delhi,Chennai,18,13831.0
2026-09-09,AirAsia,Chennai,Hyderabad,4,7210.0
2026-09-23,SpiceJet,Delhi,Kolkata,18,6872.0
2026-10-03,Vistara,Kolkata,Bangalore,28,7686.0
2026-09-21,AirAsia,Hyderabad,Delhi,16,6721.0
2026-10-23,Air India,Mumbai,Kolkata,48,6303.0
2026-10-12,SpiceJet,Chennai,Kolkata,37,5742.0
2026-10-03,GoFirst,Mumbai,Delhi,28,4354.0
2026-09-11,Indigo,Delhi,Mumbai,6,8870.0
2026-10-23,SpiceJet,Delhi,Hyderabad,48,3391.0
2026-10-08,Indigo,Chennai,Mumbai,33,5858.0
2026-10-21,SpiceJet,Mumbai,Kolkata,46,3506.0
2026-10-21,GoFirst,Kolkata,Hyderabad,46,3626.0
2026-10-15,Air India,Kolkata,Delhi,40,5902.0
2026-10-18,Air India,Chennai,Hyderabad,43,4223.0
2026-10-11,GoFirst,Hyderabad,Kolkata,36,4447.0
2026-10-01,SpiceJet,Chennai,Mumbai,26,5673.0
2026-10-23,Indigo,Delhi,Mumbai,48,4233.0
2026-10-02,SpiceJet,Hyderabad,Mumbai,27,7417.0
2026-10-12,GoFirst,Kolkata,Delhi,37,4061.0
2026-09-30,Indigo,Delhi,Bangalore,25,6386.0
2026-09-20,Air India,Kolkata,Mumbai,15,9867.0
2026-10-04,SpiceJet,Chennai,Delhi,29,5426.0
2026-09-14,Air India,Kolkata,Mumbai,9,9362.0
2026-09-16,GoFirst,Kolkata,Bangalore,11,6177.0
2026-10-14,Air India,Delhi,Hyderabad,39,6872.0
2026-09-06,Vistara,Bangalore,Mumbai,1,14376.0
2026-09-09,GoFirst,Mumbai,Chennai,4,7344.0
2026-09-27,Air India,Mumbai,Chennai,22,7653.0
2026-10-02,Vistara,Hyderabad,Kolkata,27,11455.0
2026-09-15,AirAsia,Bangalore,Hyderabad,10,6866.0
2026-09-28,GoFirst,Mumbai,Kolkata,23,5351.0
2026-10-20,SpiceJet,Chennai,Bangalore,45,5280.0
2026-09-27,Air India,Hyderabad,Mumbai,22,8840.0
2026-10-09,Air India,Chennai,Bangalore,34,8206.0
2026-10-08,AirAsia,Bangalore,Hyderabad,33,6142.0
2026-09-08,Air India,Chennai,Mumbai,3,11485.0
2026-09-24,Air India,Kolkata,Chennai,19,8073.0
2026-09-11,AirAsia,Delhi,Chennai,6,7301.0
2026-09-19,Air India,Kolkata,Hyderabad,14,8525.0
2026-09-27,SpiceJet,Hyderabad,Kolkata,22,7401.0
2026-09-10,SpiceJet,Delhi,Chennai,5,6460.0
2026-10-14,GoFirst,Mumbai,Kolkata,39,4290.0
2026-10-24,Vistara,Kolkata,Mumbai,49,7327.0
2026-09-13,AirAsia,Delhi,Chennai,8,7712.0
2026-09-11,Indigo,Mumbai,Delhi,6,9448.0
2026-09-22,SpiceJet,Bangalore,Chennai,17,8177.0
2026-09-26,Vistara,Chennai,Kolkata,21,11589.0
2026-09-13,Vistara,Mumbai,Delhi,8,14545.0
2026-10-14,Air India,Hyderabad,Delhi,39,7651.0
2026-09-25,Vistara,Kolkata,Bangalore,20,9135.0
2026-09-11,GoFirst,Bangalore,Hyderabad,6,6285.0
2026-09-23,Air India,Bangalore,Kolkata,18,9313.0
2026-10-15,SpiceJet,Bangalore,Delhi,40,4884.0
2026-09-12,AirAsia,Kolkata,Hyderabad,7,6053.0
2026-09-11,Vistara,Delhi,Mumbai,6,11531.0
2026-10-21,Air India,Mumbai,Delhi,46,6446.0
2026-10-06,Indigo,Hyderabad,Delhi,31,6698.0
2026-09-25,Air India,Kolkata,Mumbai,20,8272.0
2026-10-09,GoFirst,Kolkata,Hyderabad,34,4476.0
2026-09-19,Vistara,Kolkata,Chennai,14,11093.0
2026-10-10,Vistara,Bangalore,Kolkata,35,9280.0
2026-09-23,Vistara,Delhi,Mumbai,18,13178.0
2026-10-04,Air India,Chennai,Kolkata,29,8683.0
2026-09-13,Indigo,Bangalore,Kolkata,8,9184.0
2026-09-27,Vistara,Mumbai,Bangalore,22,10301.0
2026-10-08,Air India,Kolkata,Delhi,33,6590.0
2026-10-05,GoFirst,Mumbai,Kolkata,30,6354.0
2026-09-11,Vistara,Bangalore,Chennai,6,15623.0
2026-10-17,GoFirst,Kolkata,Bangalore,42,4670.0
2026-09-30,Vistara,Mumbai,Kolkata,25,8828.0
2026-09-15,GoFirst,Mumbai,Kolkata,10,7199.0
2026-10-16,GoFirst,Bangalore,Mumbai,41,4428.0
2026-10-21,AirAsia,Mumbai,Chennai,46,5375.0
2026-09-15,SpiceJet,Hyderabad,Mumbai,10,9069.0
2026-10-19,Air India,Kolkata,Chennai,44,4885.0
2026-10-07,AirAsia,Kolkata,Chennai,32,4813.0
2026-10-23,SpiceJet,Chennai,Delhi,48,4990.0
2026-09-11,Vistara,Mumbai,Chennai,6,14731.0
2026-10-10,GoFirst,Bangalore,Delhi,35,4217.0
2026-09-13,SpiceJet,Bangalore,Kolkata,8,6649.0
2026-10-01,Vistara,Mumbai,Delhi,26,8702.0
2026-10-05,Indigo,Mumbai,Bangalore,30,6146.0
2026-09-14,SpiceJet,Bangalore,Chennai,9,8742.0
2026-10-19,Vistara,Mumbai,Delhi,44,8292.0
2026-09-27,AirAsia,Delhi,Chennai,22,6522.0
2026-10-20,Vistara,Chennai,Bangalore,45,6330.0
2026-09-30,Air India,Chennai,Kolkata,25,6622.0
2026-10-07,SpiceJet,Kolkata,Hyderabad,32,6194.0
2026-10-21,Air India,Delhi,Bangalore,46,5682.0
2026-10-24,Vistara,Delhi,Kolkata,49,7291.0
2026-09-21,Vistara,Chennai,Delhi,16,11803.0
2026-10-23,Air India,Delhi,Kolkata,48,5967.0
2026-09-21,GoFirst,Chennai,Mumbai,16,7553.0
2026-10-01,Indigo,Bangalore,Delhi,26,7814.0
2026-09-10,GoFirst,Bangalore,Delhi,5,6336.0
2026-09-27,Air India,Kolkata,Chennai,22,10036.0
2026-10-10,SpiceJet,Kolkata,Hyderabad,35,6225.0
2026-09-07,SpiceJet,Chennai,Delhi,2,7416.0
2026-09-26,Indigo,Hyderabad,Mumbai,21,8213.0
2026-10-19,Vistara,Delhi,Chennai,44,7857.0
2026-10-11,SpiceJet,Delhi,Mumbai,36,5980.0
2026-10-19,AirAsia,Bangalore,Mumbai,44,4893.0
2026-10-02,Indigo,Hyderabad,Kolkata,27,6360.0
2026-10-22,GoFirst,Hyderabad,Bangalore,47,4486.0
2026-09-10,Air India,Mumbai,Delhi,5,12126.0
2026-10-14,GoFirst,Bangalore,Delhi,39,4471.0
2026-10-19,Indigo,Hyderabad,Chennai,44,3457.0
2026-09-14,Indigo,Mumbai,Bangalore,9,10110.0
2026-09-21,Air India,Mumbai,Delhi,16,
2026-10-24,AirAsia,Delhi,Chennai,49,3627.0
2026-09-09,GoFirst,Hyderabad,Mumbai,4,6254.0
2026-10-17,AirAsia,Kolkata,Delhi,42,4611.0
2026-10-04,Indigo,Kolkata,Delhi,29,8128.0
2026-10-07,AirAsia,Mumbai,Bangalore,32,6671.0
2026-10-19,Indigo,Mumbai,Kolkata,44,4149.0
2026-09-07,AirAsia,Bangalore,Delhi,2,7687.0
2026-10-07,Vistara,Mumbai,Hyderabad,32,10962.0
2026-09-08,Vistara,Delhi,Mumbai,3,
2026-09-08,SpiceJet,Hyderabad,Mumbai,3,8330.0
2026-09-28,Vistara,Mumbai,Bangalore,23,11864.0
2026-10-08,Vistara,Hyderabad,Bangalore,33,7692.0
2026-10-20,GoFirst,Delhi,Kolkata,45,3264.0
2026-10-12,Air India,Bangalore,Mumbai,37,8164.0
2026-09-18,Indigo,Bangalore,Kolkata,13,8358.0
2026-10-03,Air India,Chennai,Kolkata,28,8392.0
2026-09-13,Vistara,Delhi,Mumbai,8,12578.0
2026-10-11,Vistara,Hyderabad,Delhi,36,8020.0
2026-10-09,AirAsia,Kolkata,Mumbai,34,5836.0
2026-10-17,GoFirst,Chennai,Bangalore,42,3507.0
2026-10-10,Air India,Hyderabad,Chennai,35,6385.0
2026-09-14,Vistara,Hyderabad,Mumbai,9,10402.0
2026-10-14,AirAsia,Mumbai,Kolkata,39,4268.0
2026-09-19,GoFirst,Kolkata,Mumbai,14,6578.0
2026-10-04,AirAsia,Hyderabad,Chennai,29,6721.0
2026-09-29,Vistara,Chennai,Mumbai,24,12787.0
2026-09-13,GoFirst,Delhi,Bangalore,8,7025.0
2026-09-08,Vistara,Bangalore,Kolkata,3,13378.0
2026-09-27,Vistara,Mumbai,Delhi,22,10372.0
2026-10-13,Air India,Delhi,Mumbai,38,6550.0
2026-09-25,GoFirst,Kolkata,Mumbai,20,5989.0
2026-09-23,SpiceJet,Kolkata,Bangalore,18,6314.0
2026-10-14,AirAsia,Kolkata,Bangalore,39,5423.0
2026-09-25,GoFirst,Kolkata,Mumbai,20,4480.0
2026-10-03,Air India,Chennai,Bangalore,28,9453.0
2026-09-22,Indigo,Kolkata,Mumbai,17,8970.0
2026-09-27,Air India,Hyderabad,Bangalore,22,10708.0
2026-09-22,Vistara,Hyderabad,Mumbai,17,12415.0
2026-09-18,Vistara,Chennai,Bangalore,13,11256.0
2026-09-09,AirAsia,Bangalore,Chennai,4,8023.0
2026-10-16,GoFirst,Mumbai,Chennai,41,5173.0
2026-09-30,SpiceJet,Mumbai,Kolkata,25,6556.0
2026-10-12,Indigo,Chennai,Bangalore,37,4911.0
2026-09-16,SpiceJet,Bangalore,Chennai,11,7605.0
2026-09-15,SpiceJet,Mumbai,Chennai,10,8572.0
2026-09-24,Air India,Hyderabad,Chennai,19,9350.0
2026-09-21,GoFirst,Hyderabad,Kolkata,16,5912.0
2026-09-29,SpiceJet,Chennai,Bangalore,24,7039.0
2026-10-21,GoFirst,Mumbai,Bangalore,46,3127.0
2026-09-22,SpiceJet,Chennai,Kolkata,17,7108.0
2026-10-14,AirAsia,Delhi,Mumbai,39,4876.0
2026-09-26,Air India,Kolkata,Delhi,21,10300.0
2026-09-11,Air India,Mumbai,Bangalore,6,8907.0
2026-10-13,Indigo,Chennai,Kolkata,38,5978.0
2026-09-24,Indigo,Chennai,Hyderabad,19,8452.0
2026-10-02,Vistara,Chennai,Kolkata,27,9391.0
2026-09-14,SpiceJet,Bangalore,Mumbai,9,7147.0
2026-09-28,Vistara,Delhi,Bangalore,23,9718.0
2026-09-11,SpiceJet,Mumbai,Hyderabad,6,8660.0
2026-09-16,Air India,Chennai,Bangalore,11,9798.0
2026-10-11,GoFirst,Hyderabad,Delhi,36,5531.0
2026-09-15,Air India,Hyderabad,Delhi,10,10453.0
2026-09-17,AirAsia,Chennai,Delhi,12,6612.0
2026-09-06,GoFirst,Mumbai,Kolkata,1,6605.0
2026-10-04,Vistara,Kolkata,Delhi,29,9044.0
2026-09-08,Air India,Kolkata,Bangalore,3,12892.0
2026-09-18,AirAsia,Hyderabad,Delhi,13,5659.0
2026-10-11,Indigo,Chennai,Delhi,36,6715.0
2026-10-12,AirAsia,Chennai,Hyderabad,37,4560.0
2026-09-18,AirAsia,Mumbai,Delhi,13,6709.0
2026-10-24,GoFirst,Kolkata,Chennai,49,4219.0
2026-09-08,Air India,Mumbai,Chennai,3,9730.0
2026-10-21,Air India,Chennai,Kolkata,46,7544.0
2026-10-09,Air India,Bangalore,Hyderabad,34,7472.0
2026-10-09,SpiceJet,Bangalore,Mumbai,34,4373.0
2026-10-10,Vistara,Delhi,Mumbai,35,9688.0
2026-09-24,AirAsia,Hyderabad,Delhi,19,5251.0
2026-10-11,GoFirst,Mumbai,Chennai,36,4420.0
2026-10-18,Indigo,Chennai,Hyderabad,43,6239.0
2026-09-15,Vistara,Bangalore,Delhi,10,14536.0
2026-09-09,GoFirst,Hyderabad,Bangalore,4,6832.0
2026-09-16,Air India,Delhi,Bangalore,11,10025.0
2026-09-18,Vistara,Hyderabad,Bangalore,13,14003.0
2026-09-24,AirAsia,Kolkata,Chennai,19,6645.0
2026-10-21,AirAsia,Kolkata,Chennai,46,3479.0
2026-09-30,Air India,Chennai,Delhi,25,10314.0
2026-10-14,GoFirst,Kolkata,Delhi,39,4464.0
2026-10-15,Air India,Mumbai,Bangalore,40,5189.0
2026-10-02,Indigo,Bangalore,Hyderabad,27,7431.0
2026-10-19,Vistara,Mumbai,Kolkata,44,9317.0
2026-09-27,Indigo,Kolkata,Hyderabad,22,8751.0
2026-09-12,Vistara,Delhi,Hyderabad,7,14408.0
2026-09-06,Vistara,Bangalore,Chennai,1,15917.0
2026-09-22,Air India,Mumbai,Kolkata,17,8828.0
2026-10-02,GoFirst,Mumbai,Kolkata,27,5524.0
2026-09-09,Indigo,Bangalore,Delhi,4,10004.0
2026-09-27,Vistara,Hyderabad,Chennai,22,9527.0
2026-09-16,Vistara,Kolkata,Delhi,11,14008.0
2026-09-10,SpiceJet,Delhi,Kolkata,5,
2026-10-15,Vistara,Chennai,Mumbai,40,7608.0
2026-09-09,GoFirst,Kolkata,Mumbai,4,7306.0
2026-09-21,Indigo,Bangalore,Mumbai,16,8988.0
2026-09-28,AirAsia,Chennai,Delhi,23,6828.0
2026-09-19,Air India,Bangalore,Delhi,14,10263.0
2026-10-24,SpiceJet,Mumbai,Chennai,49,4652.0
2026-09-08,Vistara,Mumbai,Hyderabad,3,13296.0
2026-10-18,Vistara,Hyderabad,Delhi,43,8735.0
2026-10-21,Vistara,Delhi,Hyderabad,46,9312.0
2026-10-16,Air India,Kolkata,Hyderabad,41,7905.0
2026-09-29,AirAsia,Bangalore,Mumbai,24,5041.0
2026-10-14,Indigo,Mumbai,Hyderabad,39,4598.0
2026-10-16,GoFirst,Hyderabad,Bangalore,41,4148.0
2026-10-20,Vistara,Delhi,Hyderabad,45,8744.0
2026-10-08,GoFirst,Delhi,Mumbai,33,6411.0
2026-09-06,SpiceJet,Chennai,Delhi,1,7274.0
2026-09-11,AirAsia,Delhi,Hyderabad,6,7183.0
2026-09-20,Vistara,Kolkata,Delhi,15,13379.0
2026-09-17,AirAsia,Kolkata,Mumbai,12,7668.0
2026-09-23,SpiceJet,Mumbai,Delhi,18,7304.0
2026-09-20,Vistara,Mumbai,Hyderabad,15,12508.0
2026-09-24,GoFirst,Chennai,Delhi,19,6739.0
2026-09-11,SpiceJet,Chennai,Kolkata,6,7875.0
2026-09-21,SpiceJet,Bangalore,Mumbai,16,5336.0
2026-09-09,Vistara,Hyderabad,Delhi,4,15481.0
2026-09-19,SpiceJet,Delhi,Chennai,14,6173.0
2026-09-27,Indigo,Chennai,Bangalore,22,6333.0
2026-10-16,Vistara,Delhi,Chennai,41,9265.0
2026-10-19,Air India,Delhi,Chennai,44,6279.0
2026-09-25,GoFirst,Bangalore,Kolkata,20,5470.0
2026-10-21,Indigo,Delhi,Mumbai,46,3959.0
2026-10-10,AirAsia,Mumbai,Bangalore,35,5125.0
2026-10-21,GoFirst,Bangalore,Chennai,46,3837.0
2026-09-15,Vistara,Hyderabad,Bangalore,10,13014.0
2026-10-06,GoFirst,Hyderabad,Bangalore,31,5283.0
2026-09-14,AirAsia,Chennai,Bangalore,9,6391.0
2026-10-13,SpiceJet,Kolkata,Mumbai,38,5494.0
2026-10-20,GoFirst,Kolkata,Bangalore,45,3461.0
2026-09-27,Indigo,Hyderabad,Bangalore,22,8629.0
2026-10-14,Air India,Chennai,Kolkata,39,
2026-09-15,Vistara,Mumbai,Delhi,10,14757.0
2026-10-06,Vistara,Bangalore,Delhi,31,8228.0
2026-09-10,Indigo,Chennai,Bangalore,5,8735.0
2026-09-06,Air India,Bangalore,Delhi,1,12206.0
2026-10-13,SpiceJet,Hyderabad,Bangalore,38,4115.0
2026-10-14,Indigo,Delhi,Hyderabad,39,4387.0
2026-09-19,Vistara,Mumbai,Chennai,14,12609.0
2026-10-01,SpiceJet,Hyderabad,Bangalore,26,
2026-10-06,SpiceJet,Delhi,Mumbai,31,4682.0
2026-10-24,Vistara,Mumbai,Bangalore,49,8513.0
2026-09-13,AirAsia,Chennai,Kolkata,8,6918.0
2026-10-17,Indigo,Chennai,Mumbai,42,6240.0
2026-10-01,Vistara,Kolkata,Delhi,26,11604.0
2026-10-10,SpiceJet,Hyderabad,Kolkata,35,5600.0
2026-10-01,Air India,Kolkata,Chennai,26,6355.0
2026-09-06,SpiceJet,Kolkata,Hyderabad,1,10180.0
2026-09-24,Air India,Hyderabad,Delhi,19,10165.0
2026-09-17,Vistara,Mumbai,Bangalore,12,10377.0
2026-09-09,SpiceJet,Kolkata,Delhi,4,9189.0
2026-10-04,Indigo,Chennai,Delhi,29,5290.0
2026-09-29,Vistara,Hyderabad,Chennai,24,9730.0
2026-10-05,Indigo,Mumbai,Kolkata,30,7598.0
2026-10-23,Vistara,Hyderabad,Kolkata,48,7885.0
2026-10-01,Air India,Kolkata,Hyderabad,26,8483.0
2026-10-16,AirAsia,Chennai,Kolkata,41,5235.0
2026-10-16,Indigo,Delhi,Mumbai,41,5259.0
2026-09-24,GoFirst,Delhi,Mumbai,19,4836.0
2026-10-09,SpiceJet,Hyderabad,Delhi,34,5436.0
2026-09-19,Indigo,Delhi,Mumbai,14,7594.0
2026-10-10,AirAsia,Kolkata,Delhi,35,4384.0
2026-10-19,Indigo,Chennai,Bangalore,44,6167.0
2026-09-07,Air India,Kolkata,Chennai,2,11417.0
2026-09-20,SpiceJet,Delhi,Mumbai,15,7820.0
2026-10-19,SpiceJet,Kolkata,Hyderabad,44,4330.0
2026-09-21,Vistara,Chennai,Mumbai,16,13611.0
2026-09-14,Air India,Chennai,Hyderabad,9,10227.0
2026-10-23,GoFirst,Mumbai,Chennai,48,3049.0
2026-10-14,Vistara,Hyderabad,Mumbai,39,7663.0
2026-10-04,SpiceJet,Delhi,Bangalore,29,6981.0
2026-09-22,Air India,Chennai,Kolkata,17,
2026-10-19,SpiceJet,Delhi,Hyderabad,44,5440.0
2026-10-09,AirAsia,Delhi,Mumbai,34,4997.0
2026-09-09,SpiceJet,Bangalore,Delhi,4,9833.0
2026-09-14,AirAsia,Kolkata,Chennai,9,8400.0
2026-10-03,GoFirst,Chennai,Delhi,28,4285.0
2026-09-17,Vistara,Bangalore,Kolkata,12,10692.0
2026-09-16,Vistara,Mumbai,Hyderabad,11,10388.0
2026-09-29,Air India,Hyderabad,Delhi,24,6719.0
2026-09-27,GoFirst,Chennai,Delhi,22,4934.0
2026-10-22,SpiceJet,Chennai,Delhi,47,3412.0
2026-09-21,Indigo,Chennai,Delhi,16,7660.0
2026-10-18,GoFirst,Delhi,Mumbai,43,3638.0
2026-10-22,Vistara,Chennai,Bangalore,47,7824.0
2026-09-11,Air India,Bangalore,Chennai,6,11591.0
2026-10-10,Vistara,Mumbai,Hyderabad,35,6646.0
2026-09-06,GoFirst,Mumbai,Delhi,1,7035.0
2026-09-13,SpiceJet,Hyderabad,Bangalore,8,7742.0
2026-10-20,Indigo,Kolkata,Hyderabad,45,4279.0
2026-09-26,Air India,Hyderabad,Mumbai,21,7094.0
2026-09-29,SpiceJet,Mumbai,Hyderabad,24,7041.0
2026-09-14,SpiceJet,Mumbai,Bangalore,9,8633.0
2026-09-24,SpiceJet,Mumbai,Chennai,19,6696.0
2026-10-04,SpiceJet,Delhi,Chennai,29,5147.0
2026-09-12,Vistara,Mumbai,Delhi,7,13491.0
2026-10-20,AirAsia,Hyderabad,Delhi,45,4175.0
2026-09-21,Air India,Bangalore,Kolkata,16,10505.0
2026-09-06,GoFirst,Chennai,Kolkata,1,8236.0
2026-10-05,Vistara,Delhi,Hyderabad,30,
2026-09-09,SpiceJet,Hyderabad,Mumbai,4,7695.0
2026-10-24,GoFirst,Hyderabad,Mumbai,49,3039.0
2026-09-24,Vistara,Chennai,Mumbai,19,9515.0
2026-09-16,GoFirst,Delhi,Mumbai,11,5404.0
2026-09-11,Indigo,Hyderabad,Chennai,6,9066.0
2026-10-19,Air India,Kolkata,Bangalore,44,3957.0
2026-10-02,GoFirst,Bangalore,Mumbai,27,6543.0
2026-10-02,Indigo,Bangalore,Mumbai,27,6916.0
2026-10-12,Air India,Bangalore,Kolkata,37,5855.0
2026-10-06,Air India,Hyderabad,Mumbai,31,6146.0
2026-10-08,SpiceJet,Chennai,Bangalore,33,4439.0
2026-09-10,SpiceJet,Mumbai,Hyderabad,5,6752.0
2026-09-22,Vistara,Chennai,Kolkata,17,10710.0
2026-09-28,Air India,Mumbai,Bangalore,23,10559.0
2026-10-01,GoFirst,Bangalore,Hyderabad,26,6246.0
2026-09-15,GoFirst,Delhi,Mumbai,10,6136.0
2026-10-23,Indigo,Bangalore,Chennai,48,3425.0
2026-09-19,AirAsia,Hyderabad,Delhi,14,7054.0
2026-10-05,GoFirst,Delhi,Chennai,30,6277.0
2026-10-17,GoFirst,Mumbai,Kolkata,42,4498.0
2026-10-13,SpiceJet,Mumbai,Delhi,38,5293.0
2026-10-14,SpiceJet,Mumbai,Kolkata,39,4754.0
2026-10-02,AirAsia,Hyderabad,Mumbai,27,6143.0
2026-09-27,SpiceJet,Hyderabad,Delhi,22,6416.0
2026-09-17,Indigo,Kolkata,Hyderabad,12,8164.0
2026-09-12,Indigo,Kolkata,Bangalore,7,8066.0
2026-10-03,AirAsia,Mumbai,Bangalore,28,6346.0
2026-10-14,GoFirst,Mumbai,Kolkata,39,4554.0
2026-09-15,GoFirst,Delhi,Kolkata,10,6920.0
2026-09-08,Air India,Hyderabad,Mumbai,3,9407.0
2026-10-01,GoFirst,Hyderabad,Delhi,26,5958.0
2026-09-30,Indigo,Mumbai,Delhi,25,8090.0
2026-09-24,SpiceJet,Bangalore,Hyderabad,19,7733.0
2026-10-06,Vistara,Hyderabad,Delhi,31,10427.0
2026-09-21,Air India,Hyderabad,Bangalore,16,9813.0
2026-10-09,Indigo,Kolkata,Chennai,34,5504.0
2026-10-22,Air India,Bangalore,Delhi,47,4229.0
2026-09-23,SpiceJet,Mumbai,Chennai,18,8190.0
2026-09-25,Indigo,Chennai,Bangalore,20,8527.0
2026-09-15,GoFirst,Hyderabad,Kolkata,10,5976.0
2026-10-06,Air India,Delhi,Mumbai,31,8584.0
2026-10-22,SpiceJet,Mumbai,Delhi,47,4281.0
2026-09-22,SpiceJet,Hyderabad,Mumbai,17,6766.0
2026-09-20,Indigo,Hyderabad,Bangalore,15,8511.0
2026-10-17,Vistara,Hyderabad,Chennai,42,7326.0
2026-10-03,AirAsia,Chennai,Kolkata,28,5908.0
2026-10-18,GoFirst,Chennai,Mumbai,43,4671.0
2026-09-09,AirAsia,Kolkata,Hyderabad,4,6937.0
2026-10-01,GoFirst,Bangalore,Hyderabad,26,6041.0
2026-10-13,SpiceJet,Chennai,Hyderabad,38,4436.0
2026-09-21,Vistara,Kolkata,Chennai,16,9870.0
2026-09-13,Vistara,Bangalore,Delhi,8,11886.0
2026-10-01,Vistara,Kolkata,Bangalore,26,12214.0
2026-09-12,AirAsia,Bangalore,Mumbai,7,8800.0
2026-10-12,SpiceJet,Bangalore,Chennai,37,5521.0
2026-10-16,Indigo,Kolkata,Bangalore,41,3799.0
2026-09-16,Air India,Hyderabad,Mumbai,11,9125.0
2026-10-18,Air India,Mumbai,Hyderabad,43,4795.0
2026-10-21,SpiceJet,Hyderabad,Mumbai,46,5154.0
2026-09-14,GoFirst,Kolkata,Bangalore,9,6721.0
2026-10-09,SpiceJet,Hyderabad,Chennai,34,4454.0
2026-10-24,Vistara,Mumbai,Bangalore,49,4923.0
2026-10-15,Air India,Chennai,Bangalore,40,7842.0
2026-10-19,AirAsia,Chennai,Kolkata,44,5146.0
2026-10-14,SpiceJet,Bangalore,Kolkata,39,4288.0
2026-10-21,Indigo,Bangalore,Chennai,46,5712.0
2026-10-12,Vistara,Chennai,Hyderabad,37,8580.0
2026-09-07,GoFirst,Hyderabad,Bangalore,2,6852.0
2026-10-05,SpiceJet,Delhi,Hyderabad,30,5502.0
2026-09-28,GoFirst,Chennai,Mumbai,23,6475.0
2026-10-04,Vistara,Hyderabad,Kolkata,29,11937.0
2026-10-22,AirAsia,Hyderabad,Delhi,47,5132.0
2026-09-26,Vistara,Chennai,Bangalore,21,10720.0
2026-09-22,Air India,Mumbai,Kolkata,17,10485.0
2026-09-19,Indigo,Hyderabad,Kolkata,14,8294.0
2026-09-15,AirAsia,Bangalore,Mumbai,10,6783.0
2026-09-18,Air India,Chennai,Kolkata,13,10447.0
2026-09-14,Air India,Mumbai,Hyderabad,9,11668.0
2026-10-05,Air India,Hyderabad,Bangalore,30,6965.0
2026-09-07,GoFirst,Bangalore,Kolkata,2,8028.0
2026-10-14,Vistara,Hyderabad,Mumbai,39,7764.0
2026-09-19,Vistara,Hyderabad,Chennai,14,11825.0
2026-10-22,GoFirst,Delhi,Mumbai,47,3855.0
2026-09-19,AirAsia,Kolkata,Chennai,14,7420.0
2026-09-21,AirAsia,Mumbai,Kolkata,16,7449.0
2026-09-26,Vistara,Bangalore,Kolkata,21,10849.0
2026-10-06,Indigo,Delhi,Mumbai,31,6530.0
2026-10-11,Vistara,Mumbai,Bangalore,36,8116.0
2026-10-24,AirAsia,Chennai,Hyderabad,49,
2026-10-12,Indigo,Kolkata,Delhi,37,5634.0
2026-09-25,AirAsia,Chennai,Bangalore,20,5584.0
2026-10-19,Air India,Bangalore,Kolkata,44,6882.0
2026-10-06,Indigo,Chennai,Hyderabad,31,8107.0
2026-10-24,SpiceJet,Bangalore,Kolkata,49,
2026-10-10,AirAsia,Delhi,Chennai,35,3808.0
2026-09-07,AirAsia,Kolkata,Hyderabad,2,8306.0
2026-10-11,AirAsia,Chennai,Delhi,36,5222.0
2026-09-12,AirAsia,Mumbai,Bangalore,7,9102.0
2026-10-14,GoFirst,Chennai,Mumbai,39,4041.0
2026-10-23,Air India,Kolkata,Chennai,48,5492.0
2026-09-13,AirAsia,Hyderabad,Delhi,8,5981.0
2026-10-10,Air India,Hyderabad,Kolkata,35,6464.0
2026-09-25,GoFirst,Mumbai,Delhi,20,4890.0
2026-09-17,SpiceJet,Delhi,Bangalore,12,7260.0
2026-10-21,Air India,Mumbai,Bangalore,46,6307.0
2026-09-15,Indigo,Delhi,Mumbai,10,7449.0
2026-09-16,AirAsia,Delhi,Mumbai,11,8000.0
2026-09-13,Air India,Mumbai,Bangalore,8,9045.0
2026-10-13,AirAsia,Delhi,Bangalore,38,4234.0
2026-10-18,AirAsia,Delhi,Chennai,43,4047.0
2026-09-13,Air India,Kolkata,Delhi,8,11368.0
2026-09-30,AirAsia,Chennai,Hyderabad,25,6260.0
2026-09-26,Vistara,Chennai,Delhi,21,11039.0
2026-09-13,AirAsia,Hyderabad,Bangalore,8,
2026-10-07,GoFirst,Mumbai,Kolkata,32,4677.0
2026-10-13,Air India,Mumbai,Chennai,38,8339.0
2026-09-30,Indigo,Chennai,Hyderabad,25,5782.0
2026-09-22,AirAsia,Mumbai,Chennai,17,5708.0
2026-09-21,Air India,Bangalore,Kolkata,16,11082.0
2026-09-17,AirAsia,Delhi,Mumbai,12,8035.0
2026-09-09,AirAsia,Delhi,Hyderabad,4,7750.0
2026-10-12,SpiceJet,Delhi,Chennai,37,5086.0
2026-09-24,AirAsia,Delhi,Chennai,19,7160.0
2026-10-05,SpiceJet,Mumbai,Delhi,30,5907.0
2026-09-29,Air India,Hyderabad,Chennai,24,8471.0
2026-10-11,SpiceJet,Hyderabad,Mumbai,36,6741.0
2026-10-13,Vistara,Chennai,Kolkata,38,10491.0
2026-10-20,AirAsia,Chennai,Hyderabad,45,4791.0
2026-09-24,GoFirst,Mumbai,Kolkata,19,5437.0
2026-10-16,Air India,Bangalore,Kolkata,41,5337.0
2026-10-05,SpiceJet,Kolkata,Hyderabad,30,5659.0
2026-10-23,AirAsia,Hyderabad,Mumbai,48,4301.0
2026-09-19,SpiceJet,Kolkata,Chennai,14,6816.0
2026-09-18,Vistara,Bangalore,Mumbai,13,14468.0
2026-09-28,GoFirst,Mumbai,Hyderabad,23,5289.0
2026-10-24,SpiceJet,Mumbai,Chennai,49,3162.0
2026-10-08,SpiceJet,Mumbai,Bangalore,33,5618.0
2026-10-04,GoFirst,Bangalore,Hyderabad,29,6293.0
2026-09-28,Indigo,Mumbai,Bangalore,23,7469.0
2026-09-18,Indigo,Chennai,Mumbai,13,6851.0
2026-10-17,AirAsia,Hyderabad,Mumbai,42,3655.0
2026-10-07,Vistara,Chennai,Delhi,32,7477.0
2026-10-24,Air India,Mumbai,Delhi,49,6903.0
2026-10-19,GoFirst,Hyderabad,Bangalore,44,4517.0
2026-10-07,SpiceJet,Bangalore,Delhi,32,5981.0
2026-09-06,SpiceJet,Hyderabad,Kolkata,1,7131.0
2026-09-29,AirAsia,Mumbai,Chennai,24,7342.0
2026-10-04,Air India,Hyderabad,Mumbai,29,
2026-10-19,GoFirst,Hyderabad,Bangalore,44,4545.0
2026-09-18,GoFirst,Mumbai,Delhi,13,5652.0
2026-09-30,SpiceJet,Kolkata,Chennai,25,6523.0
2026-10-02,Vistara,Kolkata,Chennai,27,8695.0
2026-09-17,GoFirst,Hyderabad,Mumbai,12,7057.0
2026-09-21,AirAsia,Kolkata,Mumbai,16,6899.0
2026-09-20,AirAsia,Hyderabad,Kolkata,15,6666.0
2026-10-07,AirAsia,Hyderabad,Delhi,32,6075.0
2026-10-14,Indigo,Delhi,Mumbai,39,5592.0
2026-09-22,Indigo,Bangalore,Kolkata,17,7386.0
2026-09-13,Air India,Chennai,Mumbai,8,11592.0
2026-09-27,Indigo,Hyderabad,Mumbai,22,7423.0
2026-10-08,Vistara,Bangalore,Chennai,33,9510.0
2026-09-15,GoFirst,Chennai,Hyderabad,10,6666.0
2026-09-10,GoFirst,Kolkata,Chennai,5,6731.0
2026-09-13,Vistara,Delhi,Kolkata,8,14910.0
2026-10-05,Indigo,Hyderabad,Mumbai,30,6540.0
2026-09-22,Vistara,Hyderabad,Chennai,17,12761.0
2026-09-14,AirAsia,Bangalore,Kolkata,9,8231.0
2026-09-24,Air India,Bangalore,Mumbai,19,9543.0
2026-09-11,Air India,Bangalore,Hyderabad,6,11614.0
2026-10-05,AirAsia,Mumbai,Hyderabad,30,5053.0
2026-09-09,Vistara,Bangalore,Mumbai,4,12195.0
2026-10-09,SpiceJet,Mumbai,Delhi,34,4999.0
2026-10-14,AirAsia,Bangalore,Mumbai,39,5783.0
2026-09-15,Vistara,Hyderabad,Delhi,10,13234.0
2026-10-05,GoFirst,Delhi,Mumbai,30,4768.0
2026-09-23,Air India,Kolkata,Chennai,18,8367.0
2026-09-20,Indigo,Mumbai,Delhi,15,8927.0
2026-09-09,Vistara,Delhi,Chennai,4,14214.0
2026-10-23,Air India,Mumbai,Chennai,48,5561.0
2026-10-14,Indigo,Delhi,Chennai,39,6422.0
2026-10-14,GoFirst,Delhi,Mumbai,39,3482.0
2026-09-17,Vistara,Kolkata,Hyderabad,12,10222.0
2026-09-10,AirAsia,Delhi,Bangalore,5,8852.0
2026-10-18,Vistara,Chennai,Kolkata,43,7191.0
2026-10-23,Vistara,Mumbai,Bangalore,48,8332.0
2026-10-17,AirAsia,Delhi,Chennai,42,4320.0
2026-09-14,Vistara,Delhi,Hyderabad,9,14089.0
2026-09-25,SpiceJet,Mumbai,Delhi,20,6236.0
2026-10-13,SpiceJet,Chennai,Bangalore,38,4841.0
2026-10-20,Indigo,Mumbai,Chennai,45,3914.0
2026-10-01,GoFirst,Kolkata,Delhi,26,3871.0
2026-10-24,AirAsia,Hyderabad,Delhi,49,2864.0
2026-10-02,Indigo,Chennai,Delhi,27,6322.0
2026-10-24,SpiceJet,Delhi,Hyderabad,49,3008.0
2026-10-20,AirAsia,Mumbai,Chennai,45,4962.0
2026-09-10,GoFirst,Bangalore,Mumbai,5,7808.0
2026-09-17,GoFirst,Mumbai,Chennai,12,6446.0
2026-10-13,SpiceJet,Bangalore,Kolkata,38,4305.0
2026-10-07,Air India,Chennai,Hyderabad,32,8297.0
2026-09-23,Indigo,Mumbai,Hyderabad,18,6991.0
2026-10-15,SpiceJet,Kolkata,Mumbai,40,5407.0
2026-09-25,GoFirst,Bangalore,Mumbai,20,6422.0
2026-09-16,Indigo,Bangalore,Mumbai,11,8207.0
2026-09-09,Air India,Kolkata,Hyderabad,4,12246.0
2026-10-18,Indigo,Delhi,Kolkata,43,4865.0
2026-10-03,SpiceJet,Hyderabad,Kolkata,28,4792.0
2026-10-07,GoFirst,Bangalore,Hyderabad,32,
2026-09-18,Indigo,Hyderabad,Mumbai,13,8491.0
2026-09-21,Air India,Chennai,Hyderabad,16,11437.0
2026-09-22,AirAsia,Hyderabad,Delhi,17,6610.0
2026-09-07,GoFirst,Delhi,Bangalore,2,6451.0
2026-09-25,Vistara,Chennai,Kolkata,20,11411.0
2026-09-09,SpiceJet,Bangalore,Mumbai,4,8648.0
2026-10-19,Vistara,Chennai,Mumbai,44,7849.0
2026-10-05,SpiceJet,Mumbai,Hyderabad,30,5047.0
2026-09-15,GoFirst,Kolkata,Hyderabad,10,6370.0
2026-10-08,SpiceJet,Mumbai,Bangalore,33,6002.0
2026-10-03,Air India,Hyderabad,Chennai,28,9267.0
2026-10-06,SpiceJet,Kolkata,Chennai,31,4614.0
2026-09-06,AirAsia,Mumbai,Chennai,1,8733.0
2026-09-16,Vistara,Mumbai,Chennai,11,12127.0
2026-09-12,Vistara,Delhi,Kolkata,7,14298.0
2026-10-02,GoFirst,Chennai,Hyderabad,27,5047.0
2026-09-20,Air India,Bangalore,Chennai,15,9026.0
2026-09-19,Air India,Chennai,Mumbai,14,9785.0
2026-10-05,SpiceJet,Bangalore,Chennai,30,7131.0
2026-09-21,Vistara,Mumbai,Chennai,16,12571.0
2026-09-29,SpiceJet,Chennai,Hyderabad,24,5173.0
2026-10-06,Indigo,Hyderabad,Delhi,31,6185.0
2026-09-16,GoFirst,Mumbai,Bangalore,11,5903.0
2026-09-12,GoFirst,Kolkata,Hyderabad,7,6264.0
2026-09-17,GoFirst,Mumbai,Bangalore,12,6315.0
2026-10-17,Vistara,Mumbai,Hyderabad,42,7926.0
2026-09-21,Air India,Hyderabad,Mumbai,16,9283.0
2026-09-25,Air India,Hyderabad,Bangalore,20,9706.0
2026-09-11,Vistara,Bangalore,Delhi,6,14978.0
2026-09-10,AirAsia,Chennai,Kolkata,5,6188.0
2026-10-14,SpiceJet,Mumbai,Bangalore,39,5801.0
2026-10-17,SpiceJet,Delhi,Hyderabad,42,5038.0
2026-10-10,Indigo,Hyderabad,Mumbai,35,6731.0
2026-10-01,Air India,Chennai,Hyderabad,26,8101.0
2026-09-24,AirAsia,Mumbai,Delhi,19,5533.0
2026-09-08,SpiceJet,Bangalore,Mumbai,3,7320.0
2026-09-26,SpiceJet,Chennai,Delhi,21,5030.0
2026-09-27,Air India,Kolkata,Hyderabad,22,7772.0
2026-10-05,Vistara,Bangalore,Hyderabad,30,9157.0
2026-10-12,Vistara,Hyderabad,Delhi,37,6947.0
2026-10-12,AirAsia,Delhi,Mumbai,37,4429.0
2026-10-04,GoFirst,Hyderabad,Kolkata,29,5394.0
2026-10-15,Air India,Hyderabad,Kolkata,40,7025.0
2026-09-12,AirAsia,Delhi,Mumbai,7,8120.0
2026-10-07,Air India,Delhi,Chennai,32,7348.0
2026-10-19,Indigo,Kolkata,Delhi,44,6427.0
2026-10-18,Indigo,Delhi,Kolkata,43,4276.0
2026-10-14,Indigo,Delhi,Mumbai,39,6978.0
2026-09-30,SpiceJet,Hyderabad,Kolkata,25,7319.0
2026-10-09,Indigo,Mumbai,Kolkata,34,4926.0
2026-09-17,SpiceJet,Delhi,Kolkata,12,6046.0
2026-10-09,SpiceJet,Hyderabad,Kolkata,34,4628.0
2026-10-01,GoFirst,Kolkata,Chennai,26,5292.0
2026-09-21,SpiceJet,Delhi,Bangalore,16,7651.0
2026-10-21,AirAsia,Hyderabad,Chennai,46,5158.0
2026-09-27,Air India,Mumbai,Bangalore,22,8138.0
2026-09-11,Indigo,Kolkata,Mumbai,6,8404.0
2026-09-07,GoFirst,Kolkata,Chennai,2,6031.0
2026-09-27,Vistara,Hyderabad,Mumbai,22,11778.0
2026-09-12,SpiceJet,Kolkata,Bangalore,7,8698.0
2026-09-06,SpiceJet,Kolkata,Hyderabad,1,8727.0
2026-10-15,AirAsia,Chennai,Bangalore,40,6121.0
2026-09-09,SpiceJet,Delhi,Chennai,4,8414.0
2026-10-16,SpiceJet,Delhi,Bangalore,41,5650.0
2026-09-25,Indigo,Bangalore,Mumbai,20,7813.0
2026-09-06,Air India,Chennai,Bangalore,1,10881.0
2026-09-20,Vistara,Chennai,Hyderabad,15,10766.0
2026-10-17,AirAsia,Chennai,Mumbai,42,5493.0
2026-10-10,Vistara,Delhi,Mumbai,35,10750.0
2026-09-23,Air India,Kolkata,Mumbai,18,10061.0
2026-10-07,SpiceJet,Mumbai,Hyderabad,32,5281.0
2026-10-03,GoFirst,Kolkata,Chennai,28,5583.0
2026-09-11,SpiceJet,Mumbai,Kolkata,6,7975.0
2026-09-06,GoFirst,Hyderabad,Delhi,1,8643.0
2026-09-10,SpiceJet,Hyderabad,Bangalore,5,8538.0
2026-10-02,Vistara,Delhi,Chennai,27,10525.0
2026-10-23,Air India,Hyderabad,Chennai,48,6266.0
2026-10-05,GoFirst,Bangalore,Delhi,30,5850.0
2026-09-14,Indigo,Kolkata,Chennai,9,8183.0
2026-09-15,Vistara,Bangalore,Chennai,10,13981.0
2026-10-20,Air India,Bangalore,Mumbai,45,6089.0
2026-10-16,Indigo,Hyderabad,Mumbai,41,4741.0
2026-10-05,GoFirst,Hyderabad,Chennai,30,5665.0
2026-10-24,GoFirst,Bangalore,Delhi,49,4849.0
2026-09-17,Air India,Chennai,Kolkata,12,9272.0
2026-09-21,AirAsia,Delhi,Bangalore,16,5819.0
2026-10-14,AirAsia,Chennai,Hyderabad,39,4342.0
2026-10-18,Indigo,Kolkata,Delhi,43,5634.0
2026-09-15,Indigo,Kolkata,Delhi,10,7404.0
2026-10-02,Vistara,Delhi,Kolkata,27,10470.0
2026-09-16,Vistara,Chennai,Mumbai,11,14402.0
2026-10-20,GoFirst,Kolkata,Hyderabad,45,3167.0
2026-09-25,GoFirst,Hyderabad,Chennai,20,6684.0
2026-09-29,AirAsia,Bangalore,Mumbai,24,5377.0
2026-10-08,Indigo,Bangalore,Kolkata,33,6145.0
2026-10-24,Vistara,Bangalore,Hyderabad,49,4451.0
2026-10-08,Indigo,Bangalore,Kolkata,33,7466.0
2026-10-14,AirAsia,Hyderabad,Bangalore,39,4703.0
2026-10-20,Vistara,Bangalore,Delhi,45,5767.0
2026-09-08,Indigo,Chennai,Mumbai,3,10721.0
2026-09-26,SpiceJet,Mumbai,Hyderabad,21,
2026-09-10,AirAsia,Delhi,Kolkata,5,8372.0
2026-09-06,GoFirst,Mumbai,Bangalore,1,7411.0
2026-09-10,GoFirst,Bangalore,Mumbai,5,7363.0
2026-09-21,Indigo,Kolkata,Bangalore,16,7020.0
2026-10-02,GoFirst,Hyderabad,Mumbai,27,4820.0
2026-09-11,GoFirst,Kolkata,Delhi,6,7580.0
2026-09-06,Indigo,Hyderabad,Mumbai,1,8799.0
2026-10-08,Vistara,Mumbai,Hyderabad,33,8011.0
2026-10-10,Air India,Kolkata,Mumbai,35,8807.0
2026-10-22,Vistara,Bangalore,Kolkata,47,8877.0
2026-09-24,SpiceJet,Chennai,Bangalore,19,
2026-09-28,AirAsia,Kolkata,Delhi,23,7196.0
2026-09-16,Indigo,Delhi,Kolkata,11,8388.0
2026-10-06,GoFirst,Chennai,Kolkata,31,5814.0
2026-09-14,SpiceJet,Chennai,Kolkata,9,8524.0
2026-10-24,Indigo,Mumbai,Bangalore,49,2859.0
2026-09-14,GoFirst,Mumbai,Delhi,9,5770.0
2026-10-11,SpiceJet,Delhi,Hyderabad,36,4366.0
2026-09-20,SpiceJet,Hyderabad,Kolkata,15,7978.0
2026-09-12,Vistara,Mumbai,Hyderabad,7,15071.0
2026-09-30,Vistara,Kolkata,Chennai,25,8795.0
2026-10-03,Indigo,Hyderabad,Chennai,28,5302.0
2026-09-15,Air India,Delhi,Mumbai,10,9776.0
2026-10-24,GoFirst,Mumbai,Chennai,49,3869.0
2026-09-16,SpiceJet,Kolkata,Delhi,11,6937.0
2026-10-22,GoFirst,Chennai,Bangalore,47,3167.0
2026-09-25,AirAsia,Chennai,Delhi,20,5106.0
2026-10-18,GoFirst,Chennai,Bangalore,43,3783.0
2026-09-29,GoFirst,Mumbai,Hyderabad,24,7302.0
2026-09-12,SpiceJet,Hyderabad,Kolkata,7,7382.0
2026-10-12,SpiceJet,Kolkata,Hyderabad,37,6038.0
2026-10-02,SpiceJet,Hyderabad,Kolkata,27,5735.0
2026-10-18,AirAsia,Chennai,Delhi,43,5391.0
2026-10-14,Indigo,Kolkata,Chennai,39,5646.0
2026-09-10,Indigo,Hyderabad,Chennai,5,9897.0
2026-09-15,Vistara,Mumbai,Kolkata,10,10291.0
2026-10-06,Air India,Hyderabad,Kolkata,31,8022.0
2026-10-19,Indigo,Delhi,Hyderabad,44,
2026-10-05,Indigo,Delhi,Chennai,30,
2026-09-28,SpiceJet,Bangalore,Mumbai,23,6426.0
2026-09-12,Indigo,Chennai,Delhi,7,7591.0
2026-09-09,Vistara,Hyderabad,Mumbai,4,12895.0
2026-09-17,Air India,Delhi,Bangalore,12,11596.0
2026-10-19,SpiceJet,Kolkata,Hyderabad,44,4602.0
2026-09-17,SpiceJet,Mumbai,Bangalore,12,7744.0
2026-10-03,AirAsia,Hyderabad,Delhi,28,5800.0
2026-10-09,Indigo,Mumbai,Kolkata,34,5027.0
2026-10-18,Vistara,Mumbai,Chennai,43,6789.0
2026-09-06,Air India,Kolkata,Delhi,1,11651.0
2026-10-24,Vistara,Bangalore,Mumbai,49,6757.0
2026-09-21,AirAsia,Delhi,Bangalore,16,7141.0
2026-10-03,Vistara,Chennai,Delhi,28,10569.0
2026-10-19,GoFirst,Hyderabad,Delhi,44,2731.0
2026-09-07,Air India,Bangalore,Kolkata,2,12754.0
2026-09-28,Indigo,Delhi,Kolkata,23,6286.0
2026-09-14,GoFirst,Bangalore,Mumbai,9,6470.0
2026-10-20,AirAsia,Bangalore,Delhi,45,5425.0
2026-09-12,SpiceJet,Chennai,Delhi,7,8054.0
2026-10-11,GoFirst,Kolkata,Delhi,36,5370.0
2026-10-23,SpiceJet,Hyderabad,Chennai,48,4905.0
2026-09-22,SpiceJet,Kolkata,Mumbai,17,5899.0
2026-09-20,Air India,Kolkata,Delhi,15,11673.0
2026-10-06,Air India,Chennai,Bangalore,31,6086.0
2026-09-20,GoFirst,Chennai,Mumbai,15,6679.0
2026-09-20,AirAsia,Bangalore,Mumbai,15,6795.0
2026-10-22,SpiceJet,Kolkata,Hyderabad,47,2953.0
2026-09-12,Vistara,Delhi,Kolkata,7,14999.0
2026-10-09,AirAsia,Kolkata,Bangalore,34,5170.0
2026-10-11,AirAsia,Kolkata,Hyderabad,36,5027.0
2026-10-04,Indigo,Mumbai,Hyderabad,29,6754.0
2026-09-09,GoFirst,Hyderabad,Mumbai,4,7951.0
2026-10-05,GoFirst,Bangalore,Delhi,30,
2026-10-14,SpiceJet,Kolkata,Delhi,39,3639.0
2026-09-10,Indigo,Kolkata,Bangalore,5,8201.0
2026-09-25,AirAsia,Kolkata,Hyderabad,20,4779.0
2026-09-17,Indigo,Bangalore,Kolkata,12,9542.0
2026-09-25,GoFirst,Mumbai,Chennai,20,6011.0
2026-09-19,Air India,Bangalore,Hyderabad,14,10945.0
2026-09-06,Vistara,Kolkata,Mumbai,1,16529.0
2026-09-17,GoFirst,Delhi,Kolkata,12,5893.0
2026-09-06,SpiceJet,Bangalore,Kolkata,1,8111.0
2026-09-11,Indigo,Delhi,Kolkata,6,9495.0
2026-09-12,Indigo,Kolkata,Bangalore,7,8719.0
2026-09-24,AirAsia,Hyderabad,Chennai,19,5683.0
2026-09-20,Indigo,Hyderabad,Delhi,15,7265.0
2026-09-10,Vistara,Kolkata,Bangalore,5,13445.0
2026-09-10,Indigo,Bangalore,Hyderabad,5,8105.0
2026-10-08,SpiceJet,Kolkata,Chennai,33,5082.0
2026-10-19,Indigo,Chennai,Delhi,44,5540.0
2026-10-13,GoFirst,Bangalore,Mumbai,38,5780.0
2026-10-14,GoFirst,Bangalore,Hyderabad,39,4737.0
2026-09-28,Indigo,Hyderabad,Mumbai,23,8315.0
2026-09-15,AirAsia,Bangalore,Mumbai,10,8239.0
2026-10-11,Vistara,Delhi,Hyderabad,36,9277.0
2026-09-09,Vistara,Delhi,Chennai,4,15896.0
2026-10-17,Vistara,Delhi,Bangalore,42,5514.0
2026-09-17,Vistara,Kolkata,Bangalore,12,12437.0
2026-10-13,AirAsia,Bangalore,Hyderabad,38,6188.0
2026-09-27,Air India,Chennai,Kolkata,22,6982.0
2026-09-06,AirAsia,Kolkata,Hyderabad,1,6900.0
2026-10-20,AirAsia,Kolkata,Chennai,45,3031.0
2026-10-06,GoFirst,Bangalore,Mumbai,31,4764.0
2026-10-07,SpiceJet,Delhi,Bangalore,32,5452.0
2026-10-24,AirAsia,Kolkata,Bangalore,49,3603.0
2026-09-16,GoFirst,Kolkata,Chennai,11,7815.0
2026-09-25,Vistara,Chennai,Bangalore,20,11211.0
2026-09-10,AirAsia,Bangalore,Kolkata,5,7844.0
2026-10-18,GoFirst,Bangalore,Hyderabad,43,3244.0
2026-10-04,Vistara,Kolkata,Chennai,29,10680.0
2026-10-06,Indigo,Delhi,Chennai,31,6205.0
2026-09-13,Vistara,Kolkata,Delhi,8,14062.0
2026-10-16,Indigo,Hyderabad,Delhi,41,5002.0
2026-10-05,GoFirst,Bangalore,Hyderabad,30,4863.0
2026-09-06,SpiceJet,Delhi,Kolkata,1,8262.0
2026-09-28,AirAsia,Mumbai,Kolkata,23,6111.0
2026-10-14,Vistara,Mumbai,Chennai,39,8782.0
2026-10-21,GoFirst,Bangalore,Mumbai,46,2999.0
2026-10-01,Vistara,Delhi,Chennai,26,10099.0
2026-09-22,SpiceJet,Hyderabad,Chennai,17,
2026-09-16,GoFirst,Bangalore,Mumbai,11,7263.0
2026-10-02,GoFirst,Delhi,Kolkata,27,5800.0
2026-10-11,Air India,Mumbai,Chennai,36,8488.0
2026-09-10,Indigo,Mumbai,Chennai,5,9057.0
2026-10-13,Air India,Hyderabad,Bangalore,38,5855.0
2026-10-12,SpiceJet,Chennai,Kolkata,37,5144.0
2026-09-20,Indigo,Delhi,Kolkata,15,8999.0
2026-09-23,GoFirst,Bangalore,Hyderabad,18,5594.0
2026-10-10,Vistara,Mumbai,Delhi,35,7348.0
2026-09-10,GoFirst,Mumbai,Chennai,5,6230.0
2026-10-11,Vistara,Hyderabad,Delhi,36,9430.0
2026-09-08,Indigo,Mumbai,Chennai,3,8407.0
2026-10-22,Air India,Bangalore,Chennai,47,5539.0
2026-09-28,Vistara,Hyderabad,Chennai,23,8460.0
2026-10-01,GoFirst,Chennai,Kolkata,26,4202.0
2026-10-18,GoFirst,Hyderabad,Delhi,43,4505.0
2026-10-16,Air India,Hyderabad,Delhi,41,7708.0
2026-10-17,AirAsia,Mumbai,Delhi,42,5583.0
2026-10-13,GoFirst,Hyderabad,Bangalore,38,4509.0
2026-09-20,Indigo,Mumbai,Bangalore,15,9345.0
2026-09-09,SpiceJet,Chennai,Bangalore,4,7815.0
2026-10-12,GoFirst,Hyderabad,Chennai,37,5386.0
2026-09-13,Indigo,Delhi,Hyderabad,8,8808.0
2026-10-05,Air India,Delhi,Kolkata,30,7826.0
2026-10-13,Indigo,Chennai,Delhi,38,6543.0
2026-09-24,Air India,Bangalore,Chennai,19,8109.0
2026-10-06,SpiceJet,Hyderabad,Bangalore,31,6483.0
2026-09-25,Air India,Hyderabad,Bangalore,20,10708.0
2026-09-21,SpiceJet,Delhi,Chennai,16,6577.0
2026-09-12,AirAsia,Kolkata,Hyderabad,7,6039.0
2026-09-09,AirAsia,Hyderabad,Mumbai,4,7851.0
2026-09-26,Vistara,Hyderabad,Chennai,21,12670.0
2026-10-05,AirAsia,Hyderabad,Delhi,30,4871.0
2026-09-12,AirAsia,Delhi,Mumbai,7,6704.0
2026-10-07,Air India,Chennai,Hyderabad,32,6227.0
2026-09-30,Vistara,Mumbai,Bangalore,25,10007.0
2026-09-18,SpiceJet,Mumbai,Chennai,13,6535.0
2026-09-21,GoFirst,Kolkata,Chennai,16,5860.0
2026-09-21,GoFirst,Kolkata,Hyderabad,16,6873.0
2026-10-20,SpiceJet,Delhi,Bangalore,45,5554.0
2026-10-02,Indigo,Bangalore,Mumbai,27,7725.0
2026-10-11,Indigo,Delhi,Bangalore,36,6846.0
2026-09-26,AirAsia,Chennai,Delhi,21,6835.0
2026-09-13,AirAsia,Kolkata,Mumbai,8,7730.0
2026-09-13,GoFirst,Chennai,Mumbai,8,8242.0
2026-09-23,Vistara,Hyderabad,Mumbai,18,12844.0
2026-10-01,Vistara,Mumbai,Delhi,26,10818.0
2026-10-16,Indigo,Chennai,Kolkata,41,5469.0
2026-10-15,AirAsia,Hyderabad,Chennai,40,5946.0
2026-09-10,Air India,Delhi,Bangalore,5,11043.0
2026-09-28,Indigo,Kolkata,Bangalore,23,7462.0
2026-09-30,Vistara,Bangalore,Hyderabad,25,9712.0
2026-10-14,Indigo,Bangalore,Kolkata,39,5760.0
2026-10-08,GoFirst,Bangalore,Delhi,33,5442.0
2026-10-15,GoFirst,Chennai,Bangalore,40,2932.0
2026-10-01,Vistara,Delhi,Kolkata,26,12844.0
2026-09-25,Air India,Delhi,Bangalore,20,9984.0
2026-10-15,Vistara,Chennai,Delhi,40,8187.0
2026-09-28,Indigo,Mumbai,Kolkata,23,6724.0
2026-10-20,Vistara,Bangalore,Kolkata,45,6371.0
2026-09-10,Vistara,Chennai,Hyderabad,5,12482.0
2026-10-12,Vistara,Delhi,Kolkata,37,6246.0
2026-09-27,Indigo,Kolkata,Bangalore,22,7191.0
2026-10-01,GoFirst,Kolkata,Mumbai,26,4126.0
2026-10-01,Indigo,Hyderabad,Kolkata,26,5862.0
2026-10-07,SpiceJet,Kolkata,Hyderabad,32,5226.0
2026-10-11,Air India,Chennai,Hyderabad,36,6172.0
2026-10-02,Vistara,Mumbai,Delhi,27,11286.0
2026-09-15,Air India,Mumbai,Hyderabad,10,9937.0
2026-09-15,AirAsia,Delhi,Chennai,10,7972.0
2026-10-07,Vistara,Chennai,Bangalore,32,10423.0
2026-09-12,SpiceJet,Bangalore,Kolkata,7,7348.0
2026-09-12,AirAsia,Bangalore,Hyderabad,7,8057.0
2026-09-07,AirAsia,Hyderabad,Mumbai,2,8303.0
2026-09-20,Vistara,Kolkata,Delhi,15,13266.0
2026-10-09,Indigo,Hyderabad,Delhi,34,6708.0
2026-09-24,Air India,Delhi,Chennai,19,8871.0
2026-10-10,Vistara,Delhi,Bangalore,35,10615.0
2026-10-24,Air India,Delhi,Chennai,49,6370.0
2026-10-23,Air India,Chennai,Mumbai,48,4208.0
2026-10-23,AirAsia,Chennai,Delhi,48,4748.0
2026-10-24,SpiceJet,Mumbai,Chennai,49,4175.0
2026-10-01,AirAsia,Bangalore,Hyderabad,26,
2026-10-21,Vistara,Bangalore,Chennai,46,8592.0
2026-10-17,Air India,Delhi,Kolkata,42,6407.0
2026-10-15,Vistara,Bangalore,Delhi,40,8571.0
2026-09-16,Air India,Chennai,Hyderabad,11,8933.0
2026-10-16,Air India,Mumbai,Hyderabad,41,6844.0
2026-09-22,SpiceJet,Chennai,Mumbai,17,6452.0
2026-09-22,Indigo,Mumbai,Bangalore,17,6886.0
2026-10-04,AirAsia,Hyderabad,Kolkata,29,5497.0
2026-10-13,Air India,Kolkata,Delhi,38,8619.0
2026-09-29,SpiceJet,Mumbai,Kolkata,24,6849.0
2026-10-03,Air India,Kolkata,Delhi,28,7767.0
2026-09-27,AirAsia,Kolkata,Delhi,22,6975.0
2026-09-30,AirAsia,Kolkata,Mumbai,25,5818.0
2026-10-07,GoFirst,Mumbai,Hyderabad,32,3627.0
2026-10-09,GoFirst,Hyderabad,Bangalore,34,3902.0
2026-09-07,SpiceJet,Chennai,Hyderabad,2,9043.0
2026-09-25,Air India,Hyderabad,Bangalore,20,9379.0
2026-09-27,GoFirst,Bangalore,Kolkata,22,4509.0
2026-09-29,GoFirst,Bangalore,Hyderabad,24,7099.0
2026-10-07,SpiceJet,Delhi,Mumbai,32,5486.0
2026-10-01,AirAsia,Delhi,Hyderabad,26,5721.0
2026-10-02,Air India,Bangalore,Chennai,27,8049.0
2026-10-08,Indigo,Kolkata,Delhi,33,4322.0
2026-09-26,Indigo,Kolkata,Delhi,21,6929.0
2026-10-23,GoFirst,Hyderabad,Delhi,48,2573.0
2026-10-24,AirAsia,Bangalore,Mumbai,49,3293.0
2026-09-17,Indigo,Mumbai,Chennai,12,8883.0
2026-10-15,Indigo,Kolkata,Delhi,40,5764.0
2026-09-27,AirAsia,Chennai,Kolkata,22,5617.0
2026-10-13,GoFirst,Mumbai,Delhi,38,3426.0
2026-09-10,AirAsia,Mumbai,Hyderabad,5,6796.0
2026-10-05,AirAsia,Delhi,Chennai,30,5975.0
2026-10-22,Vistara,Chennai,Bangalore,47,5434.0
2026-09-08,Air India,Delhi,Bangalore,3,11812.0
2026-10-19,Indigo,Chennai,Hyderabad,44,5191.0
2026-09-12,GoFirst,Mumbai,Kolkata,7,5646.0
2026-10-09,Vistara,Bangalore,Delhi,34,9859.0
2026-10-18,GoFirst,Delhi,Hyderabad,43,3744.0
2026-09-20,Air India,Kolkata,Mumbai,15,9373.0
2026-10-11,Vistara,Kolkata,Delhi,36,9244.0
2026-10-20,GoFirst,Mumbai,Chennai,45,3412.0
2026-10-22,SpiceJet,Kolkata,Chennai,47,4292.0
2026-09-14,Vistara,Chennai,Kolkata,9,12355.0
2026-10-14,Indigo,Delhi,Mumbai,39,6538.0
2026-09-20,AirAsia,Kolkata,Mumbai,15,7330.0
2026-10-09,GoFirst,Chennai,Bangalore,34,3698.0
2026-10-21,Indigo,Kolkata,Delhi,46,5559.0
2026-09-10,AirAsia,Bangalore,Chennai,5,7544.0
2026-09-19,GoFirst,Chennai,Delhi,14,6218.0
2026-10-23,GoFirst,Bangalore,Kolkata,48,3408.0
2026-10-11,SpiceJet,Mumbai,Chennai,36,6610.0
2026-09-15,AirAsia,Hyderabad,Kolkata,10,6965.0
2026-10-24,GoFirst,Bangalore,Chennai,49,2503.0
2026-09-30,Indigo,Hyderabad,Bangalore,25,8168.0
2026-10-05,Indigo,Kolkata,Chennai,30,6760.0
2026-10-22,AirAsia,Delhi,Bangalore,47,3775.0
2026-10-19,Indigo,Hyderabad,Chennai,44,3814.0
2026-09-27,GoFirst,Bangalore,Chennai,22,6745.0
2026-10-12,Indigo,Mumbai,Hyderabad,37,5881.0
2026-09-07,SpiceJet,Delhi,Hyderabad,2,7889.0
2026-10-19,Vistara,Delhi,Chennai,44,8311.0
2026-10-02,Vistara,Bangalore,Mumbai,27,11011.0
2026-10-23,GoFirst,Hyderabad,Chennai,48,4847.0
2026-10-21,GoFirst,Bangalore,Kolkata,46,3254.0
2026-09-22,Vistara,Kolkata,Mumbai,17,13199.0
2026-10-14,GoFirst,Mumbai,Delhi,39,4245.0
2026-09-18,AirAsia,Hyderabad,Chennai,13,5857.0
2026-10-12,Indigo,Chennai,Mumbai,37,4692.0
2026-10-15,Indigo,Delhi,Bangalore,40,4104.0
2026-09-09,Vistara,Hyderabad,Bangalore,4,11929.0
2026-10-12,Indigo,Kolkata,Mumbai,37,4290.0
2026-09-27,Indigo,Kolkata,Mumbai,22,6479.0
2026-10-08,SpiceJet,Chennai,Kolkata,33,6759.0
2026-10-24,SpiceJet,Hyderabad,Chennai,49,5174.0
2026-10-23,Vistara,Delhi,Chennai,48,7505.0
2026-10-24,GoFirst,Chennai,Hyderabad,49,4350.0
2026-10-03,Indigo,Hyderabad,Chennai,28,7852.0
2026-09-10,GoFirst,Chennai,Delhi,5,6767.0
2026-10-20,AirAsia,Hyderabad,Kolkata,45,4945.0
2026-10-01,Indigo,Kolkata,Hyderabad,26,7551.0
2026-10-06,AirAsia,Bangalore,Delhi,31,5076.0
2026-10-12,GoFirst,Delhi,Bangalore,37,5738.0
2026-10-23,GoFirst,Delhi,Mumbai,48,4310.0
2026-10-11,Air India,Mumbai,Hyderabad,36,6638.0
2026-09-25,Vistara,Chennai,Kolkata,20,10721.0
2026-09-23,Indigo,Chennai,Kolkata,18,8890.0
2026-10-18,AirAsia,Kolkata,Hyderabad,43,4111.0
2026-10-18,AirAsia,Kolkata,Hyderabad,43,4255.0
2026-10-17,SpiceJet,Chennai,Delhi,42,5484.0
2026-10-06,Air India,Chennai,Bangalore,31,6369.0
2026-09-30,SpiceJet,Kolkata,Hyderabad,25,6660.0
2026-09-12,SpiceJet,Delhi,Chennai,7,8700.0
2026-10-16,Indigo,Delhi,Mumbai,41,3992.0
2026-10-16,Indigo,Chennai,Bangalore,41,5656.0
2026-09-17,Vistara,Delhi,Mumbai,12,13735.0
2026-10-04,Vistara,Mumbai,Delhi,29,11824.0
2026-09-21,Vistara,Chennai,Bangalore,16,13035.0
2026-10-16,Indigo,Hyderabad,Bangalore,41,6422.0
2026-09-06,Vistara,Mumbai,Bangalore,1,14838.0
2026-10-08,Indigo,Hyderabad,Delhi,33,5112.0
2026-10-04,Air India,Chennai,Delhi,29,6683.0
2026-10-03,SpiceJet,Kolkata,Delhi,28,6391.0
2026-10-01,Indigo,Hyderabad,Bangalore,26,8044.0
2026-09-12,GoFirst,Hyderabad,Mumbai,7,7792.0
2026-09-30,Air India,Kolkata,Mumbai,25,
2026-09-18,Indigo,Chennai,Hyderabad,13,8106.0
2026-10-09,Indigo,Bangalore,Mumbai,34,5517.0
2026-09-22,Air India,Kolkata,Mumbai,17,7968.0
2026-10-02,GoFirst,Mumbai,Delhi,27,5977.0
2026-10-07,Vistara,Hyderabad,Bangalore,32,8851.0
2026-10-14,Air India,Hyderabad,Delhi,39,4614.0
2026-09-25,AirAsia,Mumbai,Chennai,20,5691.0
2026-09-16,Air India,Mumbai,Kolkata,11,9689.0
2026-10-09,SpiceJet,Mumbai,Hyderabad,34,5406.0
2026-10-02,Vistara,Delhi,Mumbai,27,10702.0
2026-09-24,Air India,Chennai,Delhi,19,9694.0
2026-10-24,Air India,Bangalore,Delhi,49,3796.0
2026-09-19,Vistara,Hyderabad,Chennai,14,13516.0
2026-09-13,SpiceJet,Kolkata,Bangalore,8,7575.0
2026-09-26,Air India,Delhi,Chennai,21,9850.0
2026-10-12,Indigo,Hyderabad,Chennai,37,6180.0
2026-09-29,Vistara,Delhi,Hyderabad,24,11445.0
2026-09-28,Air India,Delhi,Bangalore,23,7551.0
2026-10-21,AirAsia,Mumbai,Chennai,46,3525.0
2026-09-17,Indigo,Kolkata,Delhi,12,8536.0
2026-10-03,Indigo,Chennai,Bangalore,28,6750.0
2026-09-28,Indigo,Bangalore,Kolkata,23,8551.0
2026-10-12,AirAsia,Chennai,Mumbai,37,6006.0
2026-10-18,Air India,Hyderabad,Kolkata,43,6248.0
2026-10-18,Vistara,Kolkata,Hyderabad,43,6567.0
2026-09-15,SpiceJet,Chennai,Kolkata,10,6604.0
2026-09-13,AirAsia,Hyderabad,Mumbai,8,8310.0
2026-09-30,Indigo,Hyderabad,Delhi,25,7203.0
2026-09-19,GoFirst,Kolkata,Bangalore,14,8001.0
2026-09-12,Indigo,Hyderabad,Chennai,7,9455.0
2026-09-17,AirAsia,Chennai,Delhi,12,7194.0
2026-09-29,Vistara,Chennai,Bangalore,24,9295.0
2026-09-24,Vistara,Bangalore,Hyderabad,19,12426.0
2026-10-05,AirAsia,Bangalore,Delhi,30,4686.0
2026-09-16,SpiceJet,Delhi,Mumbai,11,7712.0
2026-09-15,Vistara,Bangalore,Delhi,10,11189.0
2026-09-28,AirAsia,Delhi,Bangalore,23,7002.0
2026-09-11,Vistara,Mumbai,Hyderabad,6,12520.0
2026-10-15,Air India,Hyderabad,Kolkata,40,7282.0
2026-10-22,AirAsia,Mumbai,Delhi,47,4629.0
2026-09-27,Vistara,Kolkata,Bangalore,22,10842.0
2026-10-20,Air India,Chennai,Kolkata,45,4751.0
2026-09-16,Air India,Chennai,Mumbai,11,10784.0
2026-09-13,Indigo,Mumbai,Hyderabad,8,9089.0
2026-10-20,Vistara,Chennai,Delhi,45,9000.0
2026-10-17,SpiceJet,Hyderabad,Chennai,42,4171.0
2026-10-09,Indigo,Kolkata,Delhi,34,7756.0
2026-10-17,Air India,Hyderabad,Bangalore,42,4866.0
2026-09-22,Vistara,Kolkata,Bangalore,17,11756.0
2026-10-01,Indigo,Mumbai,Chennai,26,6789.0
2026-10-22,Air India,Kolkata,Hyderabad,47,6824.0
2026-10-23,GoFirst,Delhi,Mumbai,48,2742.0
2026-10-01,Vistara,Mumbai,Bangalore,26,9394.0
2026-10-01,GoFirst,Hyderabad,Kolkata,26,5481.0
2026-09-28,SpiceJet,Kolkata,Chennai,23,6225.0
2026-10-22,AirAsia,Hyderabad,Bangalore,47,4305.0
2026-10-23,SpiceJet,Mumbai,Bangalore,48,4272.0
2026-09-13,SpiceJet,Chennai,Delhi,8,8112.0
2026-09-15,Vistara,Bangalore,Hyderabad,10,14440.0
2026-10-04,Vistara,Mumbai,Bangalore,29,11358.0
2026-09-17,AirAsia,Hyderabad,Mumbai,12,6426.0
2026-10-23,AirAsia,Delhi,Mumbai,48,3877.0
2026-10-24,AirAsia,Bangalore,Hyderabad,49,4915.0
2026-10-06,Indigo,Hyderabad,Kolkata,31,5310.0
2026-09-11,AirAsia,Bangalore,Mumbai,6,6904.0
2026-09-17,AirAsia,Hyderabad,Chennai,12,6667.0
2026-10-20,GoFirst,Bangalore,Delhi,45,4083.0
2026-09-25,Air India,Delhi,Hyderabad,20,8716.0
2026-09-29,Air India,Hyderabad,Mumbai,24,10398.0
2026-09-10,GoFirst,Mumbai,Kolkata,5,6751.0
2026-10-03,AirAsia,Delhi,Kolkata,28,5359.0
2026-09-23,Air India,Delhi,Mumbai,18,8479.0
2026-10-24,SpiceJet,Chennai,Bangalore,49,3904.0
2026-10-13,GoFirst,Hyderabad,Mumbai,38,4569.0
2026-09-08,SpiceJet,Bangalore,Chennai,3,9205.0
2026-10-14,AirAsia,Delhi,Hyderabad,39,5173.0
2026-09-22,SpiceJet,Chennai,Mumbai,17,7436.0
2026-09-27,SpiceJet,Hyderabad,Delhi,22,5827.0
2026-09-20,GoFirst,Mumbai,Kolkata,15,5962.0
2026-09-09,Indigo,Kolkata,Bangalore,4,9669.0
2026-10-08,Vistara,Mumbai,Delhi,33,10739.0
2026-10-24,AirAsia,Chennai,Hyderabad,49,3899.0
2026-09-16,Air India,Kolkata,Hyderabad,11,11776.0
2026-10-13,Vistara,Hyderabad,Mumbai,38,8520.0
2026-09-24,GoFirst,Mumbai,Kolkata,19,
2026-10-24,Indigo,Kolkata,Delhi,49,3283.0
2026-10-11,AirAsia,Mumbai,Delhi,36,5976.0
2026-09-13,Vistara,Delhi,Chennai,8,13393.0
2026-10-23,Vistara,Bangalore,Delhi,48,6399.0
2026-10-08,Air India,Bangalore,Chennai,33,5284.0
2026-10-03,Air India,Delhi,Bangalore,28,8807.0
2026-09-29,Indigo,Mumbai,Kolkata,24,7915.0
2026-09-15,SpiceJet,Delhi,Chennai,10,7928.0
2026-10-19,Indigo,Kolkata,Hyderabad,44,4473.0
2026-09-29,GoFirst,Hyderabad,Mumbai,24,5440.0
2026-10-03,GoFirst,Mumbai,Kolkata,28,4133.0
2026-09-06,Indigo,Chennai,Delhi,1,7929.0
2026-10-21,GoFirst,Bangalore,Mumbai,46,3305.0
2026-10-11,Vistara,Hyderabad,Kolkata,36,7721.0
2026-10-08,Indigo,Bangalore,Kolkata,33,5229.0
2026-10-16,GoFirst,Kolkata,Hyderabad,41,3364.0
2026-10-11,SpiceJet,Kolkata,Mumbai,36,6187.0
2026-10-09,Indigo,Bangalore,Mumbai,34,5111.0
2026-10-24,AirAsia,Mumbai,Hyderabad,49,5031.0
2026-09-07,Indigo,Hyderabad,Kolkata,2,9137.0
2026-10-19,Indigo,Kolkata,Hyderabad,44,5635.0
2026-10-14,GoFirst,Kolkata,Bangalore,39,3567.0
2026-10-21,Indigo,Kolkata,Delhi,46,5783.0
2026-09-11,AirAsia,Chennai,Bangalore,6,7150.0
2026-09-17,Air India,Kolkata,Mumbai,12,8422.0
2026-10-22,Indigo,Delhi,Chennai,47,4671.0
2026-10-24,SpiceJet,Bangalore,Chennai,49,4453.0
2026-09-11,Vistara,Mumbai,Chennai,6,10681.0
2026-09-08,GoFirst,Chennai,Bangalore,3,6823.0
2026-09-16,Air India,Mumbai,Chennai,11,8369.0
2026-10-22,SpiceJet,Hyderabad,Bangalore,47,5427.0
2026-10-13,AirAsia,Chennai,Bangalore,38,5033.0
2026-10-13,SpiceJet,Kolkata,Chennai,38,4032.0
2026-10-02,GoFirst,Bangalore,Chennai,27,6494.0
2026-10-11,Vistara,Chennai,Mumbai,36,9651.0
2026-10-23,Vistara,Delhi,Chennai,48,7743.0
2026-10-11,AirAsia,Delhi,Bangalore,36,5954.0
2026-09-17,SpiceJet,Mumbai,Kolkata,12,6066.0
2026-09-07,AirAsia,Delhi,Chennai,2,
2026-10-20,Air India,Delhi,Bangalore,45,6474.0
2026-10-09,AirAsia,Hyderabad,Bangalore,34,5231.0
2026-09-12,AirAsia,Chennai,Kolkata,7,8615.0
2026-10-19,Air India,Mumbai,Kolkata,44,7230.0
2026-10-13,Indigo,Kolkata,Bangalore,38,6143.0
2026-09-17,Indigo,Delhi,Chennai,12,
2026-10-01,AirAsia,Mumbai,Chennai,26,4973.0
2026-09-08,Vistara,Bangalore,Mumbai,3,14581.0
2026-09-29,Vistara,Mumbai,Chennai,24,13159.0
2026-09-08,Vistara,Bangalore,Chennai,3,14635.0
2026-10-07,Indigo,Chennai,Delhi,32,5742.0
2026-09-08,GoFirst,Mumbai,Delhi,3,7516.0
2026-09-21,Indigo,Bangalore,Kolkata,16,7829.0
2026-09-18,Indigo,Mumbai,Hyderabad,13,8573.0
2026-09-16,GoFirst,Hyderabad,Mumbai,11,7182.0
2026-10-02,Indigo,Kolkata,Chennai,27,5353.0
2026-09-15,Vistara,Chennai,Kolkata,10,14212.0
2026-09-14,AirAsia,Chennai,Hyderabad,9,7597.0
2026-09-12,Vistara,Kolkata,Mumbai,7,11091.0
2026-10-12,Indigo,Chennai,Hyderabad,37,4681.0
2026-10-10,SpiceJet,Bangalore,Mumbai,35,4831.0
2026-09-07,GoFirst,Bangalore,Kolkata,2,7549.0
2026-09-28,Indigo,Mumbai,Bangalore,23,5738.0
2026-10-22,SpiceJet,Delhi,Chennai,47,3126.0
2026-10-13,AirAsia,Bangalore,Kolkata,38,
2026-10-12,Air India,Delhi,Kolkata,37,6780.0
2026-09-09,Vistara,Bangalore,Chennai,4,14966.0
2026-10-05,Air India,Kolkata,Hyderabad,30,7375.0
2026-10-07,Air India,Kolkata,Hyderabad,32,6800.0
2026-10-10,SpiceJet,Bangalore,Chennai,35,5156.0
2026-09-26,Indigo,Hyderabad,Kolkata,21,8769.0
2026-09-22,Indigo,Hyderabad,Bangalore,17,7994.0
2026-10-08,SpiceJet,Mumbai,Bangalore,33,7089.0
2026-10-16,AirAsia,Bangalore,Delhi,41,5743.0
2026-10-11,GoFirst,Hyderabad,Mumbai,36,5288.0
2026-10-04,AirAsia,Chennai,Hyderabad,29,5776.0
2026-10-16,Air India,Delhi,Bangalore,41,6886.0
2026-09-08,Vistara,Delhi,Hyderabad,3,15297.0
2026-10-11,GoFirst,Kolkata,Chennai,36,5846.0
2026-10-23,Air India,Hyderabad,Mumbai,48,7143.0
2026-10-12,SpiceJet,Chennai,Kolkata,37,5449.0
2026-10-18,Air India,Delhi,Mumbai,43,4107.0
2026-10-20,SpiceJet,Chennai,Delhi,45,4836.0
2026-09-13,Indigo,Mumbai,Chennai,8,7625.0
2026-09-06,Air India,Delhi,Hyderabad,1,11036.0
2026-10-03,SpiceJet,Kolkata,Mumbai,28,5842.0
2026-09-24,GoFirst,Hyderabad,Bangalore,19,6140.0
2026-10-06,AirAsia,Kolkata,Hyderabad,31,5689.0
2026-10-08,Vistara,Delhi,Hyderabad,33,10184.0
2026-10-23,GoFirst,Mumbai,Hyderabad,48,3795.0
2026-10-16,Vistara,Delhi,Chennai,41,8250.0
2026-10-04,Air India,Mumbai,Bangalore,29,6090.0
2026-09-12,Air India,Delhi,Bangalore,7,
2026-09-08,Indigo,Hyderabad,Delhi,3,7824.0
2026-09-16,Vistara,Chennai,Delhi,11,10472.0
2026-09-15,Vistara,Hyderabad,Bangalore,10,13807.0
2026-10-02,GoFirst,Hyderabad,Mumbai,27,6116.0
2026-09-25,SpiceJet,Hyderabad,Kolkata,20,5189.0
2026-10-11,GoFirst,Chennai,Hyderabad,36,3751.0
2026-09-24,AirAsia,Mumbai,Bangalore,19,5471.0
2026-09-10,Indigo,Delhi,Chennai,5,10279.0
2026-09-26,Vistara,Bangalore,Mumbai,21,11297.0
2026-10-17,Indigo,Chennai,Mumbai,42,5131.0
2026-10-07,SpiceJet,Kolkata,Hyderabad,32,5197.0
2026-10-12,AirAsia,Delhi,Kolkata,37,5646.0
2026-09-28,Indigo,Bangalore,Chennai,23,7119.0
2026-09-24,Indigo,Hyderabad,Delhi,19,6981.0
2026-09-29,AirAsia,Hyderabad,Kolkata,24,7011.0
2026-10-06,Indigo,Kolkata,Chennai,31,
2026-10-03,SpiceJet,Hyderabad,Bangalore,28,5991.0
2026-10-01,GoFirst,Kolkata,Hyderabad,26,6327.0
2026-09-27,AirAsia,Chennai,Delhi,22,6441.0
2026-09-21,Air India,Mumbai,Bangalore,16,9961.0
2026-10-03,Air India,Chennai,Kolkata,28,6973.0
2026-09-18,AirAsia,Hyderabad,Chennai,13,7096.0
2026-09-06,AirAsia,Kolkata,Delhi,1,8348.0
2026-10-21,SpiceJet,Kolkata,Chennai,46,5110.0
2026-10-23,SpiceJet,Chennai,Mumbai,48,4576.0
2026-10-23,GoFirst,Hyderabad,Mumbai,48,4187.0
2026-09-16,Indigo,Bangalore,Delhi,11,8885.0
2026-10-01,AirAsia,Bangalore,Delhi,26,6696.0
2026-10-12,Air India,Kolkata,Bangalore,37,8269.0
2026-10-21,AirAsia,Bangalore,Kolkata,46,5849.0
2026-10-18,Air India,Hyderabad,Kolkata,43,4896.0
2026-10-08,GoFirst,Mumbai,Hyderabad,33,5002.0
2026-09-22,Air India,Delhi,Kolkata,17,10633.0
2026-10-22,GoFirst,Chennai,Hyderabad,47,3681.0
2026-09-20,AirAsia,Delhi,Mumbai,15,8040.0
2026-09-11,AirAsia,Delhi,Bangalore,6,9045.0
2026-09-09,SpiceJet,Hyderabad,Mumbai,4,7445.0
2026-10-10,GoFirst,Bangalore,Delhi,35,5557.0
2026-09-06,Vistara,Chennai,Kolkata,1,13769.0
2026-10-13,AirAsia,Delhi,Mumbai,38,5248.0
2026-09-19,SpiceJet,Chennai,Hyderabad,14,7517.0
2026-09-09,Air India,Mumbai,Chennai,4,11039.0
2026-10-06,Air India,Kolkata,Delhi,31,7851.0
2026-10-06,GoFirst,Delhi,Chennai,31,3806.0
2026-10-15,Indigo,Kolkata,Mumbai,40,6685.0
2026-09-18,Vistara,Hyderabad,Kolkata,13,12411.0
2026-09-13,SpiceJet,Mumbai,Hyderabad,8,7694.0
2026-10-04,Air India,Mumbai,Hyderabad,29,9389.0
2026-10-14,Vistara,Hyderabad,Delhi,39,8598.0
2026-10-24,SpiceJet,Hyderabad,Delhi,49,4430.0
2026-10-24,AirAsia,Chennai,Kolkata,49,3175.0
2026-09-11,GoFirst,Bangalore,Hyderabad,6,8452.0
2026-09-13,Vistara,Chennai,Delhi,8,14634.0
2026-09-19,Air India,Chennai,Hyderabad,14,10655.0
2026-10-03,Indigo,Hyderabad,Kolkata,28,5764.0
2026-10-19,Air India,Chennai,Mumbai,44,7312.0
2026-10-24,AirAsia,Chennai,Delhi,49,2993.0
2026-09-29,Air India,Kolkata,Hyderabad,24,9893.0
2026-10-20,GoFirst,Chennai,Hyderabad,45,3829.0
2026-10-19,SpiceJet,Mumbai,Hyderabad,44,
2026-10-04,Air India,Mumbai,Delhi,29,6123.0
2026-10-07,Indigo,Kolkata,Mumbai,32,6661.0
2026-10-17,Air India,Chennai,Delhi,42,5743.0
2026-09-09,Vistara,Bangalore,Mumbai,4,15525.0
2026-10-17,Indigo,Kolkata,Mumbai,42,6397.0
2026-09-22,SpiceJet,Delhi,Chennai,17,7867.0
2026-10-19,Vistara,Kolkata,Hyderabad,44,
2026-10-18,GoFirst,Chennai,Bangalore,43,4198.0
2026-10-02,GoFirst,Mumbai,Bangalore,27,6056.0
2026-10-08,Indigo,Hyderabad,Delhi,33,6888.0
2026-10-06,GoFirst,Delhi,Hyderabad,31,5436.0
2026-09-29,Vistara,Hyderabad,Kolkata,24,13007.0
2026-10-24,Indigo,Kolkata,Mumbai,49,3654.0
2026-10-19,AirAsia,Kolkata,Chennai,44,4369.0
2026-10-06,GoFirst,Kolkata,Delhi,31,5563.0
2026-09-07,Indigo,Hyderabad,Chennai,2,7642.0
2026-09-27,AirAsia,Kolkata,Mumbai,22,7395.0
2026-10-14,AirAsia,Delhi,Bangalore,39,3826.0
2026-10-20,GoFirst,Chennai,Mumbai,45,3298.0
2026-10-03,Vistara,Kolkata,Delhi,28,9054.0
2026-09-10,Vistara,Bangalore,Mumbai,5,14537.0
2026-10-03,Vistara,Hyderabad,Mumbai,28,11213.0
2026-10-10,SpiceJet,Hyderabad,Bangalore,35,4892.0
2026-10-05,Vistara,Delhi,Kolkata,30,7381.0
2026-09-14,Indigo,Kolkata,Mumbai,9,9779.0
2026-09-10,GoFirst,Bangalore,Chennai,5,7574.0
2026-09-14,AirAsia,Kolkata,Mumbai,9,6658.0
2026-09-12,Air India,Hyderabad,Kolkata,7,11737.0
2026-09-30,Indigo,Hyderabad,Delhi,25,8331.0
2026-10-01,Air India,Delhi,Kolkata,26,9595.0
2026-09-27,GoFirst,Kolkata,Mumbai,22,5758.0
2026-09-22,Vistara,Mumbai,Kolkata,17,12050.0
2026-10-10,Air India,Mumbai,Delhi,35,6763.0
2026-09-28,GoFirst,Hyderabad,Bangalore,23,6681.0
2026-10-12,Indigo,Bangalore,Delhi,37,6455.0
2026-09-16,SpiceJet,Kolkata,Bangalore,11,8835.0
2026-09-17,Air India,Bangalore,Hyderabad,12,10111.0
2026-09-20,Vistara,Mumbai,Hyderabad,15,10259.0
2026-10-19,Indigo,Bangalore,Chennai,44,4652.0
2026-09-21,Vistara,Hyderabad,Delhi,16,9746.0
2026-10-06,AirAsia,Bangalore,Mumbai,31,5427.0
2026-10-19,SpiceJet,Mumbai,Chennai,44,5651.0
2026-09-13,GoFirst,Mumbai,Kolkata,8,7104.0
2026-09-09,SpiceJet,Mumbai,Hyderabad,4,8619.0
2026-09-07,Vistara,Hyderabad,Bangalore,2,12926.0
2026-10-14,AirAsia,Bangalore,Chennai,39,5661.0
2026-09-19,AirAsia,Hyderabad,Mumbai,14,7312.0
2026-10-17,Air India,Mumbai,Chennai,42,7133.0
2026-09-26,Vistara,Mumbai,Delhi,21,11316.0
2026-10-12,AirAsia,Hyderabad,Bangalore,37,4959.0
2026-10-19,Air India,Hyderabad,Kolkata,44,7075.0
2026-10-23,GoFirst,Chennai,Bangalore,48,3863.0
2026-09-26,GoFirst,Kolkata,Chennai,21,6461.0
2026-10-19,SpiceJet,Hyderabad,Bangalore,44,3882.0
2026-10-13,SpiceJet,Delhi,Hyderabad,38,4439.0
2026-09-27,Indigo,Hyderabad,Mumbai,22,8048.0
2026-09-29,SpiceJet,Bangalore,Chennai,24,6716.0
2026-09-29,AirAsia,Bangalore,Mumbai,24,4648.0
2026-09-16,Air India,Mumbai,Chennai,11,8580.0
2026-09-08,Vistara,Delhi,Bangalore,3,11541.0
2026-09-18,GoFirst,Mumbai,Delhi,13,7445.0
2026-10-07,Vistara,Bangalore,Kolkata,32,8652.0
2026-09-07,GoFirst,Delhi,Hyderabad,2,7764.0
2026-09-09,Vistara,Delhi,Hyderabad,4,14519.0
2026-09-13,Vistara,Delhi,Bangalore,8,10988.0
2026-09-22,SpiceJet,Chennai,Delhi,17,6832.0
2026-09-10,Indigo,Bangalore,Delhi,5,9838.0
2026-10-15,Air India,Chennai,Hyderabad,40,6559.0
2026-09-17,AirAsia,Delhi,Bangalore,12,6541.0
2026-09-20,Vistara,Bangalore,Delhi,15,10752.0
2026-09-07,Air India,Hyderabad,Mumbai,2,12371.0
2026-10-06,AirAsia,Hyderabad,Mumbai,31,4095.0
2026-10-18,Air India,Kolkata,Delhi,43,6322.0
2026-09-16,AirAsia,Mumbai,Delhi,11,7282.0
2026-09-19,Air India,Chennai,Mumbai,14,11266.0
2026-10-09,SpiceJet,Delhi,Chennai,34,5462.0
2026-09-12,Vistara,Chennai,Kolkata,7,13439.0
2026-09-27,Vistara,Chennai,Hyderabad,22,9791.0
2026-09-27,GoFirst,Chennai,Delhi,22,5200.0
2026-10-02,GoFirst,Kolkata,Mumbai,27,6669.0
2026-10-11,Air India,Chennai,Kolkata,36,5850.0
2026-10-18,AirAsia,Kolkata,Delhi,43,3212.0
2026-10-14,GoFirst,Hyderabad,Chennai,39,4669.0
2026-10-10,Vistara,Delhi,Mumbai,35,10185.0
2026-10-22,Air India,Hyderabad,Bangalore,47,5869.0
2026-10-23,GoFirst,Bangalore,Kolkata,48,3365.0
2026-10-06,GoFirst,Mumbai,Hyderabad,31,5841.0
2026-09-09,SpiceJet,Hyderabad,Mumbai,4,7658.0
2026-09-30,Vistara,Kolkata,Delhi,25,8459.0
2026-09-14,Indigo,Hyderabad,Bangalore,9,8318.0
2026-09-13,AirAsia,Mumbai,Hyderabad,8,6811.0
2026-10-02,AirAsia,Chennai,Mumbai,27,6339.0
2026-10-04,Indigo,Hyderabad,Delhi,29,6232.0
2026-10-20,SpiceJet,Kolkata,Mumbai,45,5567.0
2026-10-16,Indigo,Kolkata,Bangalore,41,5551.0
2026-09-11,Indigo,Bangalore,Delhi,6,8518.0
2026-09-29,SpiceJet,Kolkata,Mumbai,24,5567.0
2026-09-29,AirAsia,Hyderabad,Kolkata,24,6052.0
2026-09-29,SpiceJet,Kolkata,Bangalore,24,5981.0
2026-09-17,SpiceJet,Hyderabad,Chennai,12,6636.0
2026-10-18,Vistara,Hyderabad,Kolkata,43,5655.0
2026-10-11,AirAsia,Mumbai,Hyderabad,36,4890.0
2026-09-07,GoFirst,Bangalore,Kolkata,2,8813.0
2026-09-19,SpiceJet,Hyderabad,Chennai,14,6736.0
2026-10-02,Indigo,Chennai,Delhi,27,5541.0
2026-09-30,SpiceJet,Delhi,Chennai,25,6997.0
2026-10-08,GoFirst,Hyderabad,Bangalore,33,3801.0
2026-10-13,SpiceJet,Kolkata,Bangalore,38,4117.0
2026-10-03,Vistara,Delhi,Kolkata,28,10548.0
2026-10-08,SpiceJet,Kolkata,Delhi,33,7321.0
2026-09-30,Indigo,Hyderabad,Chennai,25,7671.0
2026-09-12,Air India,Kolkata,Mumbai,7,12291.0
2026-10-10,SpiceJet,Kolkata,Hyderabad,35,4794.0
2026-09-18,GoFirst,Bangalore,Hyderabad,13,6325.0
2026-10-03,GoFirst,Hyderabad,Mumbai,28,6033.0
2026-09-13,Air India,Chennai,Bangalore,8,8343.0
2026-09-11,Air India,Delhi,Hyderabad,6,9960.0
2026-10-16,Vistara,Kolkata,Bangalore,41,6298.0
2026-09-12,AirAsia,Delhi,Hyderabad,7,8983.0
2026-09-27,Vistara,Delhi,Bangalore,22,10852.0
2026-09-06,Air India,Chennai,Delhi,1,10658.0
2026-09-16,GoFirst,Hyderabad,Mumbai,11,6773.0
2026-10-24,AirAsia,Bangalore,Hyderabad,49,3701.0
2026-09-11,Air India,Kolkata,Chennai,6,9014.0
2026-10-12,SpiceJet,Chennai,Mumbai,37,5615.0
2026-10-11,Air India,Bangalore,Hyderabad,36,6095.0
2026-10-14,SpiceJet,Delhi,Kolkata,39,
2026-09-24,Vistara,Delhi,Chennai,19,9146.0
2026-09-24,Air India,Mumbai,Kolkata,19,11045.0
2026-09-06,GoFirst,Bangalore,Hyderabad,1,7717.0
2026-09-15,GoFirst,Delhi,Bangalore,10,6171.0
2026-10-20,GoFirst,Chennai,Delhi,45,3586.0
2026-10-13,GoFirst,Hyderabad,Bangalore,38,5181.0
2026-10-07,SpiceJet,Delhi,Mumbai,32,4482.0
2026-09-25,SpiceJet,Mumbai,Delhi,20,7438.0
2026-09-24,Vistara,Mumbai,Chennai,19,13202.0
2026-09-21,Air India,Bangalore,Chennai,16,9857.0
2026-10-15,SpiceJet,Chennai,Bangalore,40,4064.0
2026-10-22,Vistara,Delhi,Kolkata,47,8802.0
2026-10-12,Vistara,Delhi,Mumbai,37,11212.0
2026-09-17,Indigo,Hyderabad,Kolkata,12,8609.0
2026-10-11,Air India,Mumbai,Kolkata,36,6605.0
2026-09-15,GoFirst,Mumbai,Chennai,10,7204.0
2026-10-01,Vistara,Chennai,Hyderabad,26,8788.0
2026-09-17,Indigo,Bangalore,Mumbai,12,7611.0
2026-09-23,Air India,Hyderabad,Bangalore,18,7729.0
2026-09-25,GoFirst,Delhi,Mumbai,20,6694.0
2026-10-24,Air India,Delhi,Chennai,49,4767.0
2026-10-09,Vistara,Hyderabad,Chennai,34,7662.0
2026-10-16,SpiceJet,Mumbai,Chennai,41,5560.0
2026-10-07,AirAsia,Hyderabad,Kolkata,32,3872.0
2026-10-03,Vistara,Kolkata,Chennai,28,12329.0
2026-10-01,Indigo,Kolkata,Mumbai,26,6513.0
2026-09-13,Indigo,Mumbai,Delhi,8,9908.0
2026-09-11,Indigo,Delhi,Bangalore,6,7983.0
2026-09-14,Indigo,Mumbai,Chennai,9,9386.0
2026-09-06,GoFirst,Kolkata,Chennai,1,6599.0
2026-10-03,SpiceJet,Mumbai,Bangalore,28,5205.0
2026-10-06,Indigo,Bangalore,Chennai,31,6507.0
2026-09-24,Vistara,Delhi,Chennai,19,11646.0
2026-09-18,GoFirst,Delhi,Kolkata,13,8044.0
2026-10-03,GoFirst,Chennai,Mumbai,28,5857.0
2026-10-11,Vistara,Chennai,Hyderabad,36,10543.0
2026-09-25,SpiceJet,Bangalore,Kolkata,20,7420.0
2026-10-06,Indigo,Mumbai,Hyderabad,31,6018.0
2026-10-18,GoFirst,Delhi,Hyderabad,43,4761.0
2026-10-23,AirAsia,Kolkata,Chennai,48,3736.0
2026-09-06,Indigo,Hyderabad,Bangalore,1,10472.0
2026-09-26,Indigo,Kolkata,Delhi,21,7177.0
2026-10-16,SpiceJet,Delhi,Mumbai,41,4021.0
2026-10-14,SpiceJet,Chennai,Delhi,39,3924.0
2026-10-22,Indigo,Bangalore,Mumbai,47,5418.0
2026-10-20,SpiceJet,Kolkata,Hyderabad,45,3944.0
2026-10-06,Indigo,Chennai,Bangalore,31,4919.0
2026-09-28,Indigo,Mumbai,Kolkata,23,8730.0
2026-10-06,AirAsia,Bangalore,Kolkata,31,5886.0
2026-09-16,SpiceJet,Delhi,Kolkata,11,6114.0
2026-09-24,Air India,Delhi,Bangalore,19,10520.0
2026-09-19,GoFirst,Kolkata,Delhi,14,7762.0
2026-10-20,Air India,Chennai,Delhi,45,6685.0
2026-09-17,AirAsia,Kolkata,Chennai,12,8077.0
2026-09-17,Indigo,Chennai,Bangalore,12,9354.0
2026-10-23,SpiceJet,Delhi,Hyderabad,48,4121.0
2026-09-14,Air India,Chennai,Mumbai,9,8931.0
2026-10-19,Air India,Chennai,Delhi,44,7244.0
2026-09-29,SpiceJet,Hyderabad,Delhi,24,4926.0
2026-09-26,GoFirst,Kolkata,Bangalore,21,7440.0
2026-09-16,Indigo,Delhi,Chennai,11,7276.0
2026-10-11,SpiceJet,Delhi,Bangalore,36,5132.0
2026-10-17,AirAsia,Bangalore,Mumbai,42,3151.0
2026-10-06,GoFirst,Kolkata,Chennai,31,5902.0
2026-09-24,Indigo,Chennai,Kolkata,19,8121.0
2026-10-13,Vistara,Delhi,Mumbai,38,7164.0
2026-09-18,Vistara,Mumbai,Kolkata,13,10748.0
2026-10-04,Air India,Mumbai,Delhi,29,7045.0
2026-09-14,SpiceJet,Kolkata,Delhi,9,7393.0
2026-10-12,AirAsia,Hyderabad,Delhi,37,6055.0
2026-10-23,Vistara,Chennai,Mumbai,48,8960.0
2026-09-13,Indigo,Mumbai,Delhi,8,9630.0
2026-10-05,Air India,Chennai,Mumbai,30,6820.0
2026-09-15,Vistara,Delhi,Hyderabad,10,12922.0
2026-09-14,SpiceJet,Chennai,Bangalore,9,7993.0
2026-09-12,Vistara,Kolkata,Bangalore,7,10946.0
2026-10-17,AirAsia,Mumbai,Hyderabad,42,4625.0
2026-09-28,SpiceJet,Kolkata,Mumbai,23,6655.0
2026-09-08,Vistara,Kolkata,Chennai,3,11160.0
2026-09-20,AirAsia,Chennai,Mumbai,15,6687.0
2026-10-04,GoFirst,Chennai,Bangalore,29,4714.0
2026-10-06,GoFirst,Delhi,Kolkata,31,4623.0
2026-09-26,SpiceJet,Bangalore,Kolkata,21,5818.0
2026-09-08,SpiceJet,Bangalore,Kolkata,3,9080.0
2026-10-13,AirAsia,Mumbai,Chennai,38,4080.0
2026-09-30,Air India,Mumbai,Bangalore,25,9282.0
2026-09-06,Air India,Chennai,Bangalore,1,12906.0
2026-09-23,GoFirst,Hyderabad,Kolkata,18,6191.0
2026-10-21,Vistara,Delhi,Bangalore,46,6825.0
2026-10-13,Air India,Bangalore,Chennai,38,5143.0
2026-09-13,Air India,Mumbai,Chennai,8,9921.0
2026-09-15,Indigo,Chennai,Delhi,10,8952.0
2026-09-25,SpiceJet,Kolkata,Hyderabad,20,6075.0
2026-09-09,SpiceJet,Bangalore,Hyderabad,4,9469.0
2026-10-07,AirAsia,Kolkata,Mumbai,32,5942.0
2026-10-05,Air India,Delhi,Hyderabad,30,6206.0
2026-10-19,GoFirst,Chennai,Delhi,44,4143.0
2026-10-21,GoFirst,Mumbai,Delhi,46,3046.0
2026-10-24,AirAsia,Mumbai,Bangalore,49,4931.0
2026-09-06,Air India,Hyderabad,Bangalore,1,11481.0
2026-10-04,Indigo,Delhi,Kolkata,29,5907.0
2026-10-08,Air India,Hyderabad,Bangalore,33,7687.0
2026-09-25,Vistara,Delhi,Bangalore,20,11006.0
2026-09-19,GoFirst,Kolkata,Delhi,14,6966.0
2026-10-14,Vistara,Hyderabad,Mumbai,39,10968.0
2026-10-13,Vistara,Bangalore,Hyderabad,38,10021.0
2026-09-20,Air India,Bangalore,Hyderabad,15,11430.0
2026-09-17,Vistara,Bangalore,Hyderabad,12,14214.0
2026-09-27,SpiceJet,Kolkata,Delhi,22,5795.0
2026-09-18,Air India,Mumbai,Hyderabad,13,10851.0
2026-09-21,GoFirst,Kolkata,Chennai,16,6340.0
2026-10-14,Vistara,Hyderabad,Delhi,39,10849.0
2026-10-19,AirAsia,Delhi,Mumbai,44,5040.0
2026-10-08,Vistara,Hyderabad,Delhi,33,11096.0
2026-10-21,SpiceJet,Kolkata,Bangalore,46,3724.0
2026-10-12,AirAsia,Chennai,Bangalore,37,5785.0
2026-09-29,Vistara,Hyderabad,Mumbai,24,9095.0
2026-10-20,GoFirst,Hyderabad,Mumbai,45,4233.0
2026-09-26,Indigo,Mumbai,Delhi,21,7539.0
2026-10-18,AirAsia,Bangalore,Chennai,43,3845.0
2026-10-06,Indigo,Delhi,Mumbai,31,7711.0
2026-10-06,Vistara,Delhi,Bangalore,31,11541.0
2026-09-24,GoFirst,Mumbai,Delhi,19,6746.0
2026-09-12,AirAsia,Mumbai,Kolkata,7,6382.0
2026-09-28,SpiceJet,Mumbai,Kolkata,23,6232.0
2026-10-17,AirAsia,Hyderabad,Kolkata,42,4217.0
2026-09-18,Indigo,Delhi,Hyderabad,13,7967.0
2026-10-23,SpiceJet,Hyderabad,Mumbai,48,5482.0
2026-10-06,Vistara,Chennai,Delhi,31,9305.0
2026-09-28,AirAsia,Delhi,Mumbai,23,4441.0
2026-09-16,Air India,Kolkata,Mumbai,11,10300.0
2026-09-21,Air India,Chennai,Delhi,16,10322.0
2026-10-13,AirAsia,Mumbai,Delhi,38,3784.0
2026-10-17,AirAsia,Chennai,Bangalore,42,4692.0
2026-10-08,Air India,Bangalore,Delhi,33,7193.0
2026-09-19,AirAsia,Chennai,Mumbai,14,5716.0
2026-10-15,Vistara,Hyderabad,Mumbai,40,7190.0
2026-09-25,GoFirst,Hyderabad,Delhi,20,7378.0
2026-09-27,Vistara,Mumbai,Bangalore,22,9240.0
2026-10-11,AirAsia,Hyderabad,Delhi,36,4972.0
2026-09-29,SpiceJet,Bangalore,Kolkata,24,5842.0
2026-10-09,Indigo,Mumbai,Chennai,34,7342.0
2026-10-10,Air India,Mumbai,Bangalore,35,6028.0
2026-10-01,Vistara,Chennai,Delhi,26,10080.0
2026-10-24,SpiceJet,Mumbai,Chennai,49,3722.0
2026-09-10,Indigo,Mumbai,Bangalore,5,9494.0
2026-10-16,Air India,Mumbai,Chennai,41,5190.0
2026-09-20,GoFirst,Hyderabad,Mumbai,15,6493.0
2026-09-29,GoFirst,Kolkata,Delhi,24,4629.0
2026-09-13,Air India,Delhi,Chennai,8,12020.0
2026-09-24,AirAsia,Chennai,Hyderabad,19,5668.0
2026-10-23,Indigo,Bangalore,Delhi,48,6121.0
2026-10-17,Indigo,Delhi,Kolkata,42,6101.0
2026-10-04,Indigo,Bangalore,Chennai,29,8044.0
2026-09-24,SpiceJet,Bangalore,Delhi,19,7824.0
2026-10-04,AirAsia,Delhi,Bangalore,29,6581.0
2026-09-29,Indigo,Delhi,Chennai,24,6121.0
2026-10-09,Vistara,Hyderabad,Mumbai,34,10908.0
2026-09-08,Indigo,Chennai,Hyderabad,3,8991.0
2026-09-30,SpiceJet,Kolkata,Bangalore,25,
2026-09-25,Indigo,Bangalore,Delhi,20,7950.0
2026-10-09,AirAsia,Chennai,Hyderabad,34,4211.0
2026-09-29,GoFirst,Delhi,Bangalore,24,5528.0
2026-09-28,SpiceJet,Kolkata,Bangalore,23,7111.0
2026-10-08,GoFirst,Bangalore,Chennai,33,4252.0
2026-10-05,SpiceJet,Delhi,Kolkata,30,4785.0
2026-10-19,Indigo,Delhi,Chennai,44,3802.0
2026-09-19,GoFirst,Bangalore,Kolkata,14,7339.0
2026-09-29,GoFirst,Delhi,Hyderabad,24,6565.0
2026-09-27,AirAsia,Delhi,Kolkata,22,6575.0
2026-10-03,GoFirst,Mumbai,Chennai,28,4639.0
2026-09-27,Indigo,Bangalore,Hyderabad,22,8880.0
2026-09-20,Indigo,Bangalore,Chennai,15,9112.0
2026-09-09,GoFirst,Delhi,Bangalore,4,6590.0
2026-09-10,AirAsia,Chennai,Hyderabad,5,8851.0
2026-10-20,AirAsia,Hyderabad,Chennai,45,3296.0
2026-09-21,Indigo,Kolkata,Delhi,16,8005.0
2026-10-13,SpiceJet,Mumbai,Hyderabad,38,5741.0
2026-09-26,SpiceJet,Bangalore,Kolkata,21,6224.0
2026-09-29,Air India,Bangalore,Chennai,24,7422.0
2026-10-20,Vistara,Kolkata,Bangalore,45,8753.0
2026-10-04,GoFirst,Chennai,Mumbai,29,4866.0
2026-09-21,Vistara,Chennai,Hyderabad,16,11958.0
2026-09-29,SpiceJet,Hyderabad,Delhi,24,6498.0
2026-09-09,AirAsia,Chennai,Kolkata,4,8455.0
2026-10-03,SpiceJet,Delhi,Mumbai,28,6278.0
2026-09-27,Indigo,Bangalore,Mumbai,22,6588.0
2026-10-21,SpiceJet,Bangalore,Delhi,46,4198.0
2026-09-21,Vistara,Mumbai,Kolkata,16,10074.0
2026-09-21,GoFirst,Kolkata,Bangalore,16,5289.0
2026-09-28,GoFirst,Hyderabad,Kolkata,23,4989.0
2026-09-12,GoFirst,Chennai,Delhi,7,7217.0
2026-09-11,Vistara,Chennai,Hyderabad,6,14174.0
2026-09-20,GoFirst,Kolkata,Delhi,15,6923.0
2026-10-23,AirAsia,Mumbai,Hyderabad,48,4426.0
2026-09-11,GoFirst,Delhi,Bangalore,6,8012.0
2026-10-03,SpiceJet,Delhi,Kolkata,28,5857.0
2026-09-15,AirAsia,Bangalore,Hyderabad,10,6284.0
2026-09-22,Vistara,Mumbai,Kolkata,17,11321.0
2026-10-24,Vistara,Bangalore,Mumbai,49,4996.0
2026-10-18,Vistara,Delhi,Chennai,43,7316.0
2026-10-11,Indigo,Kolkata,Delhi,36,7009.0
2026-10-16,GoFirst,Bangalore,Kolkata,41,4636.0
2026-09-19,Air India,Mumbai,Delhi,14,7998.0
2026-10-24,AirAsia,Kolkata,Hyderabad,49,2736.0
2026-09-30,Vistara,Kolkata,Mumbai,25,9748.0
2026-09-21,Vistara,Delhi,Hyderabad,16,12662.0
2026-10-01,GoFirst,Mumbai,Bangalore,26,5772.0
2026-10-13,Air India,Mumbai,Chennai,38,6388.0
2026-10-21,Indigo,Bangalore,Delhi,46,4771.0
2026-09-06,GoFirst,Chennai,Kolkata,1,8259.0
2026-10-21,Vistara,Bangalore,Mumbai,46,6620.0
2026-10-07,Air India,Chennai,Hyderabad,32,7152.0
2026-09-26,Indigo,Chennai,Mumbai,21,7327.0
2026-10-18,AirAsia,Mumbai,Delhi,43,3711.0
2026-09-28,Air India,Chennai,Kolkata,23,10026.0
2026-10-12,SpiceJet,Chennai,Kolkata,37,5086.0
2026-10-20,GoFirst,Kolkata,Chennai,45,2780.0
2026-09-25,Air India,Mumbai,Delhi,20,9491.0
2026-10-20,Vistara,Bangalore,Hyderabad,45,5776.0
2026-10-01,SpiceJet,Mumbai,Bangalore,26,7362.0
2026-10-01,GoFirst,Bangalore,Delhi,26,5712.0
2026-10-15,SpiceJet,Mumbai,Hyderabad,40,5542.0
2026-09-10,Vistara,Bangalore,Hyderabad,5,14982.0
2026-10-10,Air India,Chennai,Mumbai,35,8942.0
2026-09-11,Air India,Mumbai,Bangalore,6,9682.0
2026-10-24,Indigo,Delhi,Mumbai,49,6216.0
2026-10-16,GoFirst,Delhi,Mumbai,41,4981.0
2026-10-07,SpiceJet,Chennai,Hyderabad,32,6026.0
2026-10-08,SpiceJet,Mumbai,Bangalore,33,6337.0
2026-10-16,SpiceJet,Hyderabad,Kolkata,41,4713.0
2026-10-06,Air India,Chennai,Kolkata,31,7269.0
2026-10-14,AirAsia,Delhi,Hyderabad,39,4094.0
2026-09-29,AirAsia,Hyderabad,Chennai,24,6495.0
2026-09-13,SpiceJet,Chennai,Hyderabad,8,7027.0
2026-10-21,SpiceJet,Kolkata,Hyderabad,46,5212.0
2026-10-18,Indigo,Mumbai,Chennai,43,6384.0
2026-09-20,GoFirst,Kolkata,Hyderabad,15,7117.0
2026-10-21,SpiceJet,Mumbai,Bangalore,46,4387.0
2026-10-13,SpiceJet,Kolkata,Hyderabad,38,4988.0
2026-09-23,GoFirst,Hyderabad,Delhi,18,5811.0
2026-09-26,Vistara,Kolkata,Mumbai,21,10500.0
2026-10-22,AirAsia,Chennai,Mumbai,47,4549.0
2026-09-28,Air India,Mumbai,Bangalore,23,8212.0
2026-09-29,SpiceJet,Hyderabad,Kolkata,24,7271.0
2026-10-02,Air India,Kolkata,Chennai,27,6042.0
2026-09-26,GoFirst,Delhi,Kolkata,21,5679.0
2026-10-19,Indigo,Hyderabad,Bangalore,44,4133.0
2026-10-04,Indigo,Delhi,Chennai,29,5122.0
2026-10-09,Air India,Mumbai,Delhi,34,5398.0
2026-10-03,Indigo,Hyderabad,Delhi,28,5361.0
2026-10-12,SpiceJet,Bangalore,Chennai,37,6205.0
2026-09-10,Vistara,Bangalore,Mumbai,5,11896.0
2026-09-30,GoFirst,Mumbai,Delhi,25,6253.0
2026-10-13,Air India,Hyderabad,Chennai,38,5741.0
2026-09-06,GoFirst,Chennai,Bangalore,1,6731.0
2026-09-21,Indigo,Mumbai,Bangalore,16,6153.0
2026-10-08,Indigo,Delhi,Hyderabad,33,4816.0
2026-10-22,GoFirst,Chennai,Bangalore,47,4721.0
2026-09-10,AirAsia,Chennai,Delhi,5,7435.0
2026-10-15,Air India,Kolkata,Mumbai,40,4874.0
2026-10-07,Indigo,Chennai,Kolkata,32,6300.0
2026-09-16,AirAsia,Chennai,Bangalore,11,7567.0
2026-09-15,Vistara,Bangalore,Delhi,10,10881.0
2026-10-22,Air India,Chennai,Kolkata,47,4511.0
2026-09-21,AirAsia,Delhi,Bangalore,16,7930.0
2026-10-14,Indigo,Delhi,Bangalore,39,4605.0
2026-09-18,GoFirst,Kolkata,Mumbai,13,6791.0
2026-10-08,AirAsia,Delhi,Hyderabad,33,5008.0
2026-09-23,Indigo,Chennai,Bangalore,18,8833.0
2026-09-19,Air India,Bangalore,Chennai,14,9824.0
2026-09-24,SpiceJet,Delhi,Mumbai,19,5663.0
2026-09-25,AirAsia,Mumbai,Bangalore,20,6729.0
2026-09-16,GoFirst,Chennai,Kolkata,11,6189.0
2026-10-05,Indigo,Bangalore,Hyderabad,30,6874.0
2026-09-10,Air India,Kolkata,Mumbai,5,12031.0
2026-09-09,AirAsia,Kolkata,Bangalore,4,8518.0
2026-09-21,AirAsia,Mumbai,Chennai,16,7864.0
2026-09-28,GoFirst,Mumbai,Delhi,23,5410.0
2026-10-09,AirAsia,Kolkata,Hyderabad,34,5493.0
2026-09-19,SpiceJet,Hyderabad,Mumbai,14,6049.0
2026-09-24,GoFirst,Kolkata,Chennai,19,6132.0
2026-09-11,SpiceJet,Bangalore,Hyderabad,6,7777.0
2026-10-05,Indigo,Delhi,Mumbai,30,5992.0
2026-10-04,Air India,Hyderabad,Delhi,29,6422.0
2026-10-21,GoFirst,Delhi,Bangalore,46,4352.0
2026-09-24,GoFirst,Mumbai,Kolkata,19,5670.0
2026-09-30,Indigo,Mumbai,Delhi,25,6735.0
2026-10-01,Vistara,Delhi,Bangalore,26,10493.0
2026-10-10,Indigo,Kolkata,Bangalore,35,7459.0
2026-09-14,AirAsia,Mumbai,Delhi,9,8627.0
2026-09-20,Indigo,Hyderabad,Mumbai,15,8776.0
2026-10-01,Air India,Delhi,Kolkata,26,6718.0
2026-09-14,Air India,Hyderabad,Kolkata,9,8455.0
2026-09-26,Vistara,Hyderabad,Bangalore,21,11943.0
2026-10-21,AirAsia,Kolkata,Chennai,46,2761.0
2026-10-03,Indigo,Kolkata,Delhi,28,7710.0
2026-10-09,AirAsia,Chennai,Mumbai,34,5693.0
2026-09-10,GoFirst,Delhi,Kolkata,5,6866.0
2026-09-08,Air India,Chennai,Bangalore,3,12268.0
2026-10-06,GoFirst,Hyderabad,Chennai,31,5732.0
2026-10-16,AirAsia,Chennai,Mumbai,41,3254.0
2026-09-06,SpiceJet,Kolkata,Bangalore,1,7740.0
2026-10-05,AirAsia,Bangalore,Mumbai,30,4328.0
2026-10-23,SpiceJet,Chennai,Mumbai,48,4835.0
2026-10-03,GoFirst,Bangalore,Chennai,28,5570.0
2026-09-14,SpiceJet,Mumbai,Bangalore,9,8311.0
2026-09-10,SpiceJet,Mumbai,Delhi,5,7117.0
2026-09-26,Vistara,Hyderabad,Mumbai,21,9123.0
2026-10-18,GoFirst,Bangalore,Kolkata,43,5356.0
2026-10-13,Air India,Mumbai,Chennai,38,7567.0
2026-10-03,AirAsia,Mumbai,Bangalore,28,6217.0
2026-09-09,SpiceJet,Hyderabad,Kolkata,4,7172.0
2026-09-30,GoFirst,Kolkata,Hyderabad,25,6510.0
2026-10-12,AirAsia,Delhi,Bangalore,37,5552.0
2026-10-13,Vistara,Kolkata,Bangalore,38,9160.0
2026-09-30,SpiceJet,Delhi,Hyderabad,25,6137.0
2026-10-24,GoFirst,Hyderabad,Delhi,49,2524.0
2026-09-12,AirAsia,Kolkata,Chennai,7,9163.0
2026-09-12,GoFirst,Kolkata,Chennai,7,7294.0
2026-09-20,Indigo,Mumbai,Chennai,15,8885.0
2026-10-14,Vistara,Kolkata,Hyderabad,39,8454.0
2026-10-14,SpiceJet,Mumbai,Chennai,39,6404.0
2026-10-19,GoFirst,Delhi,Hyderabad,44,4618.0
2026-09-14,SpiceJet,Chennai,Hyderabad,9,9172.0
2026-10-24,GoFirst,Delhi,Chennai,49,2450.0
2026-09-22,AirAsia,Chennai,Hyderabad,17,7542.0
2026-10-13,SpiceJet,Delhi,Chennai,38,4126.0
2026-09-19,Indigo,Mumbai,Delhi,14,7058.0
2026-09-17,SpiceJet,Hyderabad,Bangalore,12,6129.0
2026-10-16,Air India,Kolkata,Delhi,41,5363.0
2026-10-10,SpiceJet,Kolkata,Hyderabad,35,6588.0
2026-09-13,SpiceJet,Bangalore,Delhi,8,6484.0
2026-10-17,Vistara,Delhi,Kolkata,42,
2026-09-15,Indigo,Mumbai,Chennai,10,
2026-09-08,GoFirst,Chennai,Bangalore,3,8140.0
2026-09-25,GoFirst,Bangalore,Delhi,20,5041.0
2026-09-28,Air India,Kolkata,Mumbai,23,9924.0
2026-09-15,GoFirst,Bangalore,Chennai,10,6501.0
2026-09-20,Vistara,Mumbai,Chennai,15,10014.0
2026-09-27,SpiceJet,Mumbai,Chennai,22,6436.0
2026-09-29,GoFirst,Bangalore,Kolkata,24,5420.0
2026-09-26,SpiceJet,Kolkata,Bangalore,21,7616.0
2026-09-16,AirAsia,Kolkata,Bangalore,11,7737.0
2026-09-29,GoFirst,Mumbai,Hyderabad,24,4194.0
2026-09-06,SpiceJet,Mumbai,Delhi,1,8781.0
2026-09-17,Air India,Hyderabad,Delhi,12,7872.0
2026-09-14,Air India,Hyderabad,Chennai,9,11286.0
2026-09-30,Vistara,Kolkata,Chennai,25,12671.0
2026-10-05,Indigo,Mumbai,Bangalore,30,6007.0
2026-10-17,Indigo,Chennai,Kolkata,42,5435.0
2026-09-26,SpiceJet,Mumbai,Delhi,21,5257.0
2026-10-15,Vistara,Mumbai,Bangalore,40,9970.0
2026-09-12,Air India,Chennai,Kolkata,7,9653.0
2026-09-16,Vistara,Delhi,Hyderabad,11,13903.0
2026-09-09,SpiceJet,Kolkata,Delhi,4,9457.0
2026-10-18,Vistara,Hyderabad,Mumbai,43,6313.0
2026-10-01,SpiceJet,Delhi,Kolkata,26,5726.0
2026-10-04,SpiceJet,Delhi,Kolkata,29,4419.0
2026-09-14,Air India,Chennai,Kolkata,9,9330.0
2026-09-28,SpiceJet,Mumbai,Hyderabad,23,6325.0
2026-10-11,Vistara,Hyderabad,Chennai,36,10787.0
2026-10-04,GoFirst,Delhi,Hyderabad,29,6024.0
2026-10-07,Air India,Hyderabad,Mumbai,32,8535.0
2026-09-17,GoFirst,Kolkata,Chennai,12,5699.0
2026-09-22,SpiceJet,Chennai,Mumbai,17,6323.0
2026-10-15,GoFirst,Chennai,Bangalore,40,4782.0
2026-09-10,SpiceJet,Mumbai,Delhi,5,7756.0
2026-09-30,SpiceJet,Chennai,Bangalore,25,7041.0
2026-10-12,AirAsia,Chennai,Delhi,37,4258.0
2026-10-11,GoFirst,Bangalore,Chennai,36,3978.0
2026-10-04,GoFirst,Chennai,Bangalore,29,6062.0
2026-10-19,Air India,Delhi,Chennai,44,6936.0
2026-09-06,Vistara,Bangalore,Chennai,1,13342.0
2026-09-11,Indigo,Bangalore,Hyderabad,6,9048.0
2026-10-07,Indigo,Chennai,Bangalore,32,4779.0
2026-09-22,AirAsia,Mumbai,Kolkata,17,5339.0
2026-10-09,AirAsia,Kolkata,Bangalore,34,4230.0
2026-10-01,AirAsia,Hyderabad,Delhi,26,5623.0
2026-10-14,GoFirst,Mumbai,Bangalore,39,3816.0
2026-09-30,AirAsia,Kolkata,Mumbai,25,5817.0
2026-09-17,SpiceJet,Kolkata,Mumbai,12,7171.0
2026-09-13,Indigo,Chennai,Hyderabad,8,8946.0
2026-09-06,GoFirst,Mumbai,Hyderabad,1,8516.0
2026-09-26,AirAsia,Hyderabad,Delhi,21,6455.0
2026-10-11,GoFirst,Delhi,Mumbai,36,5558.0
2026-09-09,Air India,Kolkata,Chennai,4,9714.0
2026-09-07,AirAsia,Bangalore,Mumbai,2,9211.0
2026-10-18,SpiceJet,Hyderabad,Delhi,43,3067.0
2026-09-20,SpiceJet,Chennai,Delhi,15,6377.0
2026-09-10,AirAsia,Kolkata,Delhi,5,7272.0
2026-10-17,GoFirst,Hyderabad,Delhi,42,3337.0
2026-10-22,Air India,Delhi,Hyderabad,47,4504.0
2026-10-09,Vistara,Kolkata,Bangalore,34,9769.0
2026-09-07,Air India,Mumbai,Kolkata,2,13268.0
2026-10-24,GoFirst,Bangalore,Chennai,49,2579.0
2026-10-05,AirAsia,Mumbai,Hyderabad,30,4775.0
2026-09-22,Vistara,Hyderabad,Mumbai,17,10014.0
2026-10-17,Air India,Chennai,Bangalore,42,7410.0
2026-09-19,AirAsia,Delhi,Chennai,14,7034.0
2026-10-05,Vistara,Bangalore,Kolkata,30,8489.0
2026-10-14,SpiceJet,Kolkata,Bangalore,39,6046.0
2026-10-04,AirAsia,Hyderabad,Delhi,29,4160.0
2026-10-15,Vistara,Bangalore,Mumbai,40,6975.0
2026-09-19,AirAsia,Delhi,Bangalore,14,6244.0
2026-10-09,Indigo,Kolkata,Mumbai,34,4852.0
2026-09-30,Indigo,Hyderabad,Bangalore,25,8684.0
2026-09-28,GoFirst,Chennai,Mumbai,23,4561.0
2026-09-11,SpiceJet,Mumbai,Bangalore,6,7712.0
2026-10-04,Vistara,Mumbai,Bangalore,29,11068.0
2026-10-11,Vistara,Chennai,Hyderabad,36,7387.0
2026-10-17,GoFirst,Bangalore,Chennai,42,5259.0
2026-09-09,Air India,Chennai,Delhi,4,10918.0
2026-09-16,GoFirst,Mumbai,Bangalore,11,6549.0
2026-09-20,Vistara,Bangalore,Chennai,15,11215.0
2026-10-02,Air India,Mumbai,Hyderabad,27,9803.0
2026-10-06,Vistara,Hyderabad,Bangalore,31,8810.0
2026-09-30,SpiceJet,Kolkata,Mumbai,25,6944.0
2026-09-10,AirAsia,Kolkata,Hyderabad,5,7177.0
2026-09-18,Air India,Kolkata,Bangalore,13,9817.0
2026-09-17,Indigo,Mumbai,Chennai,12,7312.0
2026-09-22,SpiceJet,Delhi,Chennai,17,7927.0
2026-10-10,Air India,Bangalore,Chennai,35,5375.0
2026-10-19,Air India,Bangalore,Hyderabad,44,6982.0
2026-09-09,Vistara,Mumbai,Hyderabad,4,13966.0
2026-10-13,Air India,Bangalore,Kolkata,38,6408.0
2026-10-13,GoFirst,Delhi,Bangalore,38,4076.0
2026-09-26,SpiceJet,Hyderabad,Bangalore,21,7762.0
2026-09-06,AirAsia,Mumbai,Delhi,1,7307.0
2026-09-11,GoFirst,Kolkata,Bangalore,6,6328.0
2026-10-05,Air India,Kolkata,Mumbai,30,8419.0
2026-09-14,SpiceJet,Delhi,Mumbai,9,8324.0
2026-09-21,Air India,Mumbai,Hyderabad,16,9514.0
2026-09-21,SpiceJet,Mumbai,Bangalore,16,7251.0
2026-10-11,GoFirst,Bangalore,Delhi,36,4705.0
2026-09-25,Vistara,Delhi,Mumbai,20,12569.0
2026-09-24,Indigo,Kolkata,Hyderabad,19,7768.0
2026-09-11,AirAsia,Bangalore,Kolkata,6,6955.0
2026-10-04,GoFirst,Hyderabad,Delhi,29,4543.0
2026-09-08,Vistara,Hyderabad,Bangalore,3,14006.0
2026-10-24,Air India,Chennai,Hyderabad,49,3806.0
2026-09-15,Indigo,Chennai,Bangalore,10,8840.0
2026-09-08,Indigo,Delhi,Kolkata,3,9218.0
2026-09-11,Air India,Chennai,Mumbai,6,10269.0
2026-09-13,SpiceJet,Chennai,Kolkata,8,8908.0
2026-09-11,GoFirst,Mumbai,Chennai,6,7398.0
2026-09-20,AirAsia,Hyderabad,Kolkata,15,5742.0
2026-09-30,SpiceJet,Mumbai,Kolkata,25,5679.0
2026-09-23,Indigo,Delhi,Bangalore,18,6841.0
2026-09-15,AirAsia,Chennai,Bangalore,10,6577.0
2026-10-09,Air India,Kolkata,Mumbai,34,8166.0
2026-09-11,SpiceJet,Delhi,Kolkata,6,9101.0
2026-09-17,Vistara,Mumbai,Chennai,12,13331.0
2026-10-14,SpiceJet,Chennai,Hyderabad,39,4423.0
2026-10-08,AirAsia,Hyderabad,Bangalore,33,5550.0
2026-09-19,Air India,Mumbai,Kolkata,14,9033.0
2026-10-01,AirAsia,Kolkata,Bangalore,26,4964.0
2026-09-07,Air India,Delhi,Kolkata,2,11922.0
2026-10-07,Indigo,Bangalore,Chennai,32,
2026-10-08,SpiceJet,Bangalore,Chennai,33,6533.0
2026-10-22,AirAsia,Chennai,Mumbai,47,4709.0
2026-09-18,Vistara,Kolkata,Delhi,13,10672.0
2026-10-24,SpiceJet,Kolkata,Chennai,49,4790.0
2026-09-21,Air India,Mumbai,Chennai,16,7785.0
2026-09-29,AirAsia,Mumbai,Kolkata,24,4542.0
2026-10-05,SpiceJet,Kolkata,Delhi,30,5591.0
2026-10-04,Indigo,Delhi,Kolkata,29,
2026-10-06,AirAsia,Hyderabad,Mumbai,31,5989.0
2026-09-19,Indigo,Bangalore,Delhi,14,9069.0
2026-09-29,Air India,Kolkata,Delhi,24,8785.0
2026-09-08,Air India,Bangalore,Mumbai,3,
2026-09-28,GoFirst,Hyderabad,Delhi,23,6698.0
2026-09-11,Air India,Kolkata,Hyderabad,6,9912.0
2026-09-28,Indigo,Delhi,Bangalore,23,8241.0
2026-09-21,Vistara,Chennai,Kolkata,16,12407.0
2026-10-02,AirAsia,Hyderabad,Kolkata,27,4987.0
2026-10-14,SpiceJet,Chennai,Bangalore,39,5114.0
2026-10-18,AirAsia,Hyderabad,Bangalore,43,3317.0
2026-09-23,AirAsia,Kolkata,Bangalore,18,6625.0
2026-10-07,AirAsia,Chennai,Mumbai,32,4615.0
2026-10-24,Vistara,Kolkata,Mumbai,49,5688.0
2026-09-18,GoFirst,Chennai,Mumbai,13,5820.0
2026-10-03,Air India,Hyderabad,Mumbai,28,7715.0
2026-09-19,AirAsia,Delhi,Hyderabad,14,6409.0
2026-10-23,Air India,Hyderabad,Bangalore,48,4615.0
2026-10-14,Air India,Chennai,Mumbai,39,7312.0
2026-09-11,Vistara,Chennai,Hyderabad,6,11354.0
2026-09-14,Air India,Mumbai,Kolkata,9,
2026-09-26,Air India,Kolkata,Mumbai,21,7686.0
2026-09-14,Air India,Kolkata,Hyderabad,9,9243.0
2026-09-19,GoFirst,Kolkata,Chennai,14,6513.0
2026-09-27,Indigo,Mumbai,Bangalore,22,6265.0
2026-10-14,AirAsia,Kolkata,Mumbai,39,4048.0
2026-09-08,Air India,Kolkata,Hyderabad,3,11568.0
2026-09-25,Air India,Hyderabad,Bangalore,20,10473.0
2026-09-25,SpiceJet,Mumbai,Delhi,20,7859.0
2026-10-13,Indigo,Hyderabad,Mumbai,38,7466.0
2026-09-07,GoFirst,Delhi,Hyderabad,2,8287.0
2026-10-15,AirAsia,Kolkata,Hyderabad,40,4809.0
2026-09-28,Indigo,Delhi,Chennai,23,5748.0
2026-09-12,GoFirst,Chennai,Kolkata,7,5886.0
2026-10-24,AirAsia,Delhi,Mumbai,49,3103.0
2026-10-18,Indigo,Bangalore,Mumbai,43,5101.0
2026-09-19,Vistara,Bangalore,Kolkata,14,13766.0
2026-10-19,Air India,Kolkata,Delhi,44,5125.0
2026-10-04,Air India,Chennai,Delhi,29,9748.0
2026-10-12,Indigo,Mumbai,Chennai,37,6577.0
2026-10-13,Indigo,Bangalore,Chennai,38,6592.0
2026-09-20,Air India,Hyderabad,Mumbai,15,10943.0
2026-10-05,AirAsia,Kolkata,Hyderabad,30,6212.0
2026-09-28,AirAsia,Kolkata,Delhi,23,6515.0
2026-10-04,SpiceJet,Hyderabad,Bangalore,29,5319.0
2026-09-07,SpiceJet,Chennai,Bangalore,2,8278.0
2026-09-16,GoFirst,Kolkata,Chennai,11,6918.0
2026-10-05,Air India,Mumbai,Kolkata,30,8924.0
2026-10-22,GoFirst,Delhi,Hyderabad,47,3410.0
2026-09-21,Vistara,Hyderabad,Delhi,16,10220.0
2026-10-15,AirAsia,Kolkata,Mumbai,40,3652.0
2026-10-03,GoFirst,Bangalore,Chennai,28,5565.0
2026-09-08,Air India,Delhi,Kolkata,3,10293.0
2026-10-07,Indigo,Delhi,Kolkata,32,4613.0
2026-10-21,SpiceJet,Chennai,Mumbai,46,4306.0
2026-10-04,Air India,Bangalore,Delhi,29,7137.0
2026-10-20,Air India,Bangalore,Mumbai,45,4712.0
2026-10-03,GoFirst,Kolkata,Bangalore,28,4065.0
2026-09-22,GoFirst,Kolkata,Hyderabad,17,5571.0
2026-09-26,Indigo,Chennai,Kolkata,21,5856.0
2026-09-10,GoFirst,Bangalore,Hyderabad,5,5586.0
2026-10-18,SpiceJet,Delhi,Bangalore,43,3848.0
2026-09-24,GoFirst,Bangalore,Mumbai,19,6367.0
2026-09-17,Air India,Delhi,Bangalore,12,9243.0
2026-09-23,Vistara,Kolkata,Chennai,18,13135.0
2026-09-23,Vistara,Delhi,Hyderabad,18,12793.0
2026-10-24,Vistara,Chennai,Mumbai,49,4913.0
2026-09-23,SpiceJet,Kolkata,Mumbai,18,7059.0
2026-10-04,Vistara,Bangalore,Hyderabad,29,10323.0
2026-10-18,SpiceJet,Kolkata,Delhi,43,4090.0
2026-09-30,Air India,Hyderabad,Chennai,25,7477.0
2026-10-23,Air India,Chennai,Bangalore,48,6804.0
2026-10-21,Air India,Mumbai,Kolkata,46,7114.0
2026-10-13,Indigo,Mumbai,Chennai,38,6053.0
2026-10-16,Air India,Delhi,Bangalore,41,5725.0
2026-10-18,Indigo,Chennai,Kolkata,43,5173.0
2026-10-13,SpiceJet,Delhi,Kolkata,38,4948.0
2026-10-07,AirAsia,Delhi,Hyderabad,32,6459.0
2026-10-20,Air India,Mumbai,Delhi,45,4358.0
2026-10-18,SpiceJet,Hyderabad,Bangalore,43,5619.0
2026-09-16,AirAsia,Hyderabad,Chennai,11,6877.0
2026-10-15,GoFirst,Kolkata,Chennai,40,3200.0
2026-10-14,Vistara,Bangalore,Mumbai,39,9866.0
2026-10-13,SpiceJet,Delhi,Kolkata,38,5963.0
2026-09-18,GoFirst,Chennai,Delhi,13,5607.0
2026-10-20,SpiceJet,Kolkata,Hyderabad,45,3243.0
2026-10-07,Air India,Hyderabad,Chennai,32,7398.0
2026-09-18,SpiceJet,Delhi,Chennai,13,7499.0
2026-10-07,Vistara,Hyderabad,Kolkata,32,10807.0
2026-10-05,Air India,Kolkata,Mumbai,30,8153.0
2026-09-09,Air India,Hyderabad,Chennai,4,10987.0
2026-10-07,GoFirst,Hyderabad,Bangalore,32,4952.0
2026-10-23,Indigo,Bangalore,Delhi,48,3703.0
2026-10-16,Vistara,Kolkata,Delhi,41,9265.0
2026-10-11,GoFirst,Kolkata,Chennai,36,4894.0
2026-09-07,GoFirst,Kolkata,Chennai,2,6969.0
2026-10-08,GoFirst,Chennai,Hyderabad,33,4616.0
2026-09-23,GoFirst,Bangalore,Mumbai,18,5673.0
2026-10-12,AirAsia,Delhi,Bangalore,37,4884.0
2026-10-05,AirAsia,Mumbai,Delhi,30,4847.0
2026-09-18,AirAsia,Kolkata,Mumbai,13,5963.0
2026-10-23,AirAsia,Delhi,Mumbai,48,4321.0
2026-09-18,Air India,Chennai,Hyderabad,13,9079.0
2026-09-11,Air India,Chennai,Bangalore,6,12146.0
2026-09-27,Indigo,Mumbai,Delhi,22,6032.0
2026-09-30,Indigo,Mumbai,Chennai,25,8317.0
2026-09-09,Indigo,Bangalore,Kolkata,4,9151.0
2026-09-28,Air India,Kolkata,Hyderabad,23,7653.0
2026-09-27,SpiceJet,Mumbai,Hyderabad,22,6201.0
2026-09-13,SpiceJet,Mumbai,Bangalore,8,7393.0
2026-09-12,Vistara,Delhi,Chennai,7,13658.0
2026-10-15,Air India,Delhi,Chennai,40,7499.0
2026-09-25,GoFirst,Mumbai,Chennai,20,4652.0
2026-09-20,SpiceJet,Mumbai,Chennai,15,6730.0
2026-10-19,Air India,Hyderabad,Kolkata,44,6125.0
2026-10-11,Indigo,Hyderabad,Chennai,36,4993.0
2026-09-18,AirAsia,Kolkata,Chennai,13,6326.0
2026-09-24,Indigo,Delhi,Mumbai,19,8430.0
2026-10-11,Air India,Chennai,Delhi,36,8229.0
2026-10-20,GoFirst,Delhi,Bangalore,45,2841.0
2026-09-29,SpiceJet,Mumbai,Bangalore,24,7123.0
2026-09-20,GoFirst,Hyderabad,Delhi,15,5107.0
2026-09-07,Vistara,Chennai,Delhi,2,16325.0
2026-10-16,GoFirst,Mumbai,Kolkata,41,4823.0
2026-10-11,GoFirst,Mumbai,Kolkata,36,4700.0
2026-09-15,AirAsia,Hyderabad,Kolkata,10,6443.0
2026-09-11,AirAsia,Delhi,Bangalore,6,8400.0
2026-09-22,SpiceJet,Delhi,Kolkata,17,8244.0
2026-10-02,Indigo,Mumbai,Hyderabad,27,4916.0
2026-10-03,Air India,Kolkata,Hyderabad,28,7096.0
2026-09-17,Indigo,Kolkata,Mumbai,12,9665.0
2026-10-22,Vistara,Chennai,Kolkata,47,7459.0
2026-09-15,Indigo,Mumbai,Bangalore,10,10161.0
2026-10-20,SpiceJet,Hyderabad,Mumbai,45,5608.0
2026-09-25,GoFirst,Mumbai,Bangalore,20,5984.0
2026-10-10,GoFirst,Delhi,Kolkata,35,5514.0
2026-09-09,GoFirst,Hyderabad,Kolkata,4,8019.0
2026-10-05,AirAsia,Hyderabad,Mumbai,30,4470.0
2026-10-07,Air India,Delhi,Bangalore,32,8276.0
2026-09-19,Vistara,Chennai,Bangalore,14,11618.0
2026-10-22,Air India,Chennai,Delhi,47,6744.0
2026-10-24,GoFirst,Hyderabad,Chennai,49,2788.0
2026-10-18,Indigo,Mumbai,Kolkata,43,5836.0
2026-09-23,AirAsia,Hyderabad,Bangalore,18,7477.0
2026-09-21,Air India,Delhi,Mumbai,16,10883.0
2026-10-23,SpiceJet,Delhi,Bangalore,48,5558.0
2026-10-11,SpiceJet,Kolkata,Chennai,36,5004.0
2026-09-28,Vistara,Bangalore,Hyderabad,23,8573.0
2026-09-12,SpiceJet,Hyderabad,Delhi,7,6678.0
2026-09-09,AirAsia,Chennai,Kolkata,4,6805.0
2026-09-14,GoFirst,Kolkata,Bangalore,9,6889.0
2026-09-11,AirAsia,Mumbai,Bangalore,6,8810.0
2026-10-13,Indigo,Delhi,Bangalore,38,6605.0
2026-09-25,GoFirst,Kolkata,Mumbai,20,5453.0
2026-09-16,SpiceJet,Chennai,Bangalore,11,7727.0
2026-10-01,GoFirst,Bangalore,Delhi,26,6355.0
2026-09-11,Vistara,Kolkata,Hyderabad,6,11660.0
2026-10-15,Air India,Delhi,Hyderabad,40,5525.0
2026-10-01,Air India,Delhi,Kolkata,26,9409.0
2026-09-30,GoFirst,Delhi,Kolkata,25,4630.0
2026-10-03,Vistara,Mumbai,Hyderabad,28,8139.0
2026-10-03,Vistara,Delhi,Kolkata,28,9016.0
2026-09-23,Vistara,Bangalore,Mumbai,18,10570.0
2026-10-10,SpiceJet,Hyderabad,Chennai,35,4251.0
2026-10-24,Vistara,Hyderabad,Kolkata,49,4347.0
2026-09-15,Vistara,Delhi,Kolkata,10,11940.0
2026-09-07,AirAsia,Kolkata,Hyderabad,2,7659.0
2026-09-23,Indigo,Chennai,Kolkata,18,6685.0
2026-10-01,AirAsia,Mumbai,Hyderabad,26,6872.0
2026-10-13,Air India,Hyderabad,Mumbai,38,7060.0
2026-10-07,Indigo,Bangalore,Mumbai,32,7294.0
2026-09-13,AirAsia,Chennai,Kolkata,8,8001.0
2026-10-18,Indigo,Kolkata,Hyderabad,43,6322.0
2026-09-06,AirAsia,Kolkata,Delhi,1,6786.0
2026-10-09,Vistara,Delhi,Hyderabad,34,7300.0
2026-09-27,Vistara,Mumbai,Delhi,22,8589.0
2026-09-09,AirAsia,Delhi,Kolkata,4,7933.0
2026-10-19,SpiceJet,Bangalore,Chennai,44,5142.0
2026-10-02,AirAsia,Chennai,Hyderabad,27,5631.0
2026-09-09,GoFirst,Chennai,Kolkata,4,8734.0
2026-09-30,AirAsia,Hyderabad,Kolkata,25,5126.0
2026-10-15,AirAsia,Delhi,Bangalore,40,4749.0
2026-09-24,Indigo,Hyderabad,Mumbai,19,8955.0
2026-10-16,Vistara,Kolkata,Chennai,41,8401.0
2026-10-22,AirAsia,Chennai,Delhi,47,3449.0
2026-09-08,AirAsia,Hyderabad,Kolkata,3,9415.0
2026-09-27,AirAsia,Hyderabad,Kolkata,22,6866.0
2026-09-25,Vistara,Hyderabad,Bangalore,20,10388.0
2026-10-17,Indigo,Kolkata,Bangalore,42,6759.0
2026-09-06,GoFirst,Bangalore,Hyderabad,1,6792.0
2026-09-29,Vistara,Kolkata,Bangalore,24,9069.0
2026-10-22,Indigo,Bangalore,Kolkata,47,3442.0
2026-09-17,AirAsia,Hyderabad,Delhi,12,6286.0
2026-10-18,GoFirst,Delhi,Bangalore,43,4763.0
2026-10-24,Vistara,Kolkata,Chennai,49,6761.0
2026-09-19,Indigo,Mumbai,Delhi,14,6513.0
2026-10-23,Air India,Chennai,Mumbai,48,6924.0
2026-09-13,GoFirst,Delhi,Hyderabad,8,6109.0
2026-09-28,SpiceJet,Mumbai,Kolkata,23,6090.0
2026-09-10,AirAsia,Mumbai,Chennai,5,8498.0
2026-10-19,SpiceJet,Hyderabad,Chennai,44,3448.0
2026-09-29,SpiceJet,Delhi,Kolkata,24,6306.0
2026-09-09,Air India,Hyderabad,Chennai,4,9956.0
2026-10-13,Air India,Bangalore,Hyderabad,38,6647.0
2026-10-05,AirAsia,Delhi,Bangalore,30,4970.0
2026-09-15,Indigo,Chennai,Hyderabad,10,7602.0
2026-10-06,SpiceJet,Chennai,Bangalore,31,6060.0
2026-09-27,Air India,Bangalore,Hyderabad,22,8908.0
2026-09-16,SpiceJet,Kolkata,Chennai,11,8604.0
2026-09-07,SpiceJet,Hyderabad,Chennai,2,7704.0
2026-10-03,GoFirst,Mumbai,Delhi,28,4045.0
2026-10-19,SpiceJet,Delhi,Bangalore,44,5544.0
2026-10-07,Vistara,Hyderabad,Bangalore,32,7549.0
2026-09-20,Vistara,Hyderabad,Delhi,15,12431.0
2026-10-17,AirAsia,Bangalore,Kolkata,42,4072.0
2026-09-24,Air India,Hyderabad,Delhi,19,9444.0
2026-09-12,Air India,Delhi,Chennai,7,11135.0
2026-10-17,Vistara,Delhi,Chennai,42,6995.0
2026-09-07,Indigo,Hyderabad,Chennai,2,8191.0
2026-09-14,Vistara,Kolkata,Mumbai,9,14134.0
2026-09-28,Vistara,Hyderabad,Mumbai,23,8733.0
2026-09-20,SpiceJet,Kolkata,Mumbai,15,6631.0
2026-10-23,AirAsia,Kolkata,Hyderabad,48,2764.0
2026-09-19,SpiceJet,Mumbai,Kolkata,14,7973.0
2026-09-13,Vistara,Delhi,Chennai,8,15067.0
2026-10-08,Air India,Kolkata,Hyderabad,33,7263.0
2026-10-10,Vistara,Chennai,Delhi,35,7699.0
2026-09-18,AirAsia,Bangalore,Chennai,13,8100.0
2026-10-24,GoFirst,Kolkata,Chennai,49,2638.0
2026-10-13,Indigo,Delhi,Kolkata,38,6224.0
2026-10-03,AirAsia,Delhi,Kolkata,28,4716.0
2026-09-14,Indigo,Chennai,Bangalore,9,8106.0
2026-09-13,Indigo,Chennai,Bangalore,8,9325.0
2026-10-22,AirAsia,Mumbai,Kolkata,47,5067.0
2026-10-01,Vistara,Chennai,Delhi,26,10924.0
2026-09-21,AirAsia,Kolkata,Chennai,16,7582.0
2026-10-24,AirAsia,Mumbai,Kolkata,49,4733.0
2026-09-15,Vistara,Mumbai,Kolkata,10,11175.0
2026-09-13,AirAsia,Bangalore,Delhi,8,7195.0
2026-10-08,SpiceJet,Delhi,Kolkata,33,5119.0
2026-10-02,SpiceJet,Kolkata,Mumbai,27,5845.0
2026-10-04,GoFirst,Chennai,Kolkata,29,6256.0
2026-10-07,Air India,Chennai,Hyderabad,32,7634.0
2026-09-28,Indigo,Delhi,Bangalore,23,7290.0
2026-09-13,AirAsia,Hyderabad,Chennai,8,8600.0
2026-09-13,SpiceJet,Kolkata,Delhi,8,7889.0
2026-09-14,Vistara,Chennai,Hyderabad,9,11648.0
2026-09-14,GoFirst,Bangalore,Chennai,9,7822.0
2026-09-16,GoFirst,Bangalore,Kolkata,11,8035.0
2026-09-30,GoFirst,Hyderabad,Mumbai,25,5819.0
2026-10-23,AirAsia,Mumbai,Chennai,48,2703.0
2026-10-06,AirAsia,Chennai,Mumbai,31,6102.0
2026-09-16,SpiceJet,Bangalore,Hyderabad,11,6708.0
2026-09-30,Air India,Mumbai,Bangalore,25,9024.0
2026-09-23,AirAsia,Delhi,Mumbai,18,5527.0
2026-09-10,AirAsia,Chennai,Hyderabad,5,7385.0
2026-10-03,Vistara,Hyderabad,Delhi,28,8219.0
2026-09-16,AirAsia,Hyderabad,Chennai,11,7479.0
2026-09-12,SpiceJet,Hyderabad,Chennai,7,7984.0
2026-09-08,SpiceJet,Mumbai,Delhi,3,7176.0
2026-10-20,Indigo,Mumbai,Delhi,45,6516.0
2026-10-20,AirAsia,Kolkata,Delhi,45,3748.0
2026-10-07,Indigo,Bangalore,Delhi,32,5015.0
2026-10-11,Vistara,Chennai,Kolkata,36,10055.0
2026-10-09,Indigo,Mumbai,Delhi,34,7747.0
2026-10-19,GoFirst,Bangalore,Hyderabad,44,3829.0
2026-10-01,Vistara,Mumbai,Bangalore,26,9596.0
2026-10-09,Indigo,Mumbai,Chennai,34,6055.0
2026-09-24,AirAsia,Chennai,Hyderabad,19,6944.0
2026-09-09,GoFirst,Chennai,Mumbai,4,6010.0
2026-10-13,Indigo,Delhi,Mumbai,38,6857.0
2026-09-21,Indigo,Hyderabad,Kolkata,16,8115.0
2026-10-15,GoFirst,Delhi,Kolkata,40,4945.0
2026-10-23,AirAsia,Delhi,Hyderabad,48,2802.0
2026-10-15,Air India,Chennai,Delhi,40,7295.0
2026-10-14,GoFirst,Chennai,Mumbai,39,5212.0
2026-09-17,AirAsia,Mumbai,Kolkata,12,6820.0
2026-09-14,Vistara,Mumbai,Chennai,9,13856.0
2026-09-22,Air India,Bangalore,Chennai,17,10864.0
2026-10-15,Indigo,Mumbai,Delhi,40,5667.0
2026-10-08,Vistara,Kolkata,Delhi,33,10628.0
2026-10-03,SpiceJet,Chennai,Hyderabad,28,7027.0
2026-09-30,Vistara,Kolkata,Hyderabad,25,11389.0
2026-10-06,Vistara,Mumbai,Bangalore,31,10169.0
2026-09-30,SpiceJet,Hyderabad,Kolkata,25,5877.0
2026-09-25,GoFirst,Chennai,Bangalore,20,5038.0
2026-10-12,Air India,Hyderabad,Bangalore,37,6245.0
2026-10-03,SpiceJet,Mumbai,Chennai,28,5900.0
2026-09-25,SpiceJet,Delhi,Bangalore,20,6724.0
2026-09-17,AirAsia,Chennai,Bangalore,12,5999.0
2026-10-23,GoFirst,Bangalore,Delhi,48,4021.0
2026-09-14,Air India,Mumbai,Bangalore,9,8688.0
2026-10-18,GoFirst,Bangalore,Kolkata,43,5075.0
2026-09-07,GoFirst,Bangalore,Delhi,2,8381.0
2026-10-02,SpiceJet,Mumbai,Bangalore,27,6787.0
2026-10-16,Indigo,Bangalore,Mumbai,41,5392.0
2026-09-14,GoFirst,Mumbai,Bangalore,9,5791.0
2026-10-18,AirAsia,Delhi,Chennai,43,5228.0
2026-10-20,AirAsia,Kolkata,Bangalore,45,4492.0
2026-10-02,Indigo,Delhi,Hyderabad,27,8537.0
2026-10-15,SpiceJet,Mumbai,Kolkata,40,4090.0
2026-09-22,Air India,Bangalore,Hyderabad,17,10238.0
2026-10-07,Indigo,Chennai,Bangalore,32,6006.0
2026-10-21,GoFirst,Mumbai,Bangalore,46,4701.0
2026-09-14,AirAsia,Bangalore,Hyderabad,9,7117.0
2026-09-17,Air India,Bangalore,Delhi,12,8872.0
2026-09-25,Vistara,Chennai,Kolkata,20,10311.0
2026-10-07,AirAsia,Mumbai,Kolkata,32,5984.0
2026-10-07,SpiceJet,Chennai,Hyderabad,32,5198.0
2026-09-22,Air India,Chennai,Hyderabad,17,9766.0
2026-09-23,SpiceJet,Kolkata,Hyderabad,18,6523.0
2026-09-15,AirAsia,Kolkata,Delhi,10,8005.0
2026-09-19,Air India,Kolkata,Mumbai,14,9548.0
2026-10-12,Vistara,Mumbai,Hyderabad,37,8429.0
2026-09-14,SpiceJet,Hyderabad,Delhi,9,9030.0
2026-10-11,Indigo,Chennai,Bangalore,36,5367.0
2026-09-28,Vistara,Chennai,Mumbai,23,9054.0
2026-10-09,Vistara,Delhi,Hyderabad,34,6849.0
2026-10-10,SpiceJet,Mumbai,Bangalore,35,4073.0
2026-09-28,GoFirst,Chennai,Delhi,23,5401.0
2026-09-29,Vistara,Delhi,Hyderabad,24,9449.0
2026-09-25,Indigo,Kolkata,Delhi,20,7627.0
2026-09-20,GoFirst,Delhi,Chennai,15,6524.0
2026-09-20,Air India,Bangalore,Kolkata,15,7959.0
2026-10-21,Indigo,Mumbai,Chennai,46,6050.0
2026-10-24,Air India,Bangalore,Hyderabad,49,6513.0
2026-10-03,Air India,Hyderabad,Delhi,28,10085.0
2026-10-21,Indigo,Chennai,Mumbai,46,3939.0
2026-09-27,AirAsia,Hyderabad,Mumbai,22,6369.0
2026-09-10,Air India,Hyderabad,Kolkata,5,9575.0
2026-10-11,AirAsia,Chennai,Delhi,36,6547.0
2026-10-09,Indigo,Mumbai,Hyderabad,34,6004.0
2026-10-13,Indigo,Bangalore,Hyderabad,38,6608.0
2026-09-11,SpiceJet,Bangalore,Kolkata,6,8621.0
2026-09-23,SpiceJet,Kolkata,Bangalore,18,5948.0
2026-09-28,Air India,Kolkata,Bangalore,23,7382.0
2026-09-07,AirAsia,Kolkata,Chennai,2,7825.0
2026-09-09,SpiceJet,Delhi,Kolkata,4,9303.0
2026-10-04,Indigo,Mumbai,Delhi,29,7100.0
2026-10-08,Vistara,Delhi,Hyderabad,33,8609.0
2026-09-21,Air India,Delhi,Hyderabad,16,10323.0
2026-10-03,Vistara,Bangalore,Chennai,28,11797.0
2026-10-11,SpiceJet,Mumbai,Chennai,36,4848.0
2026-10-01,Air India,Chennai,Hyderabad,26,8978.0
2026-09-06,AirAsia,Mumbai,Hyderabad,1,7687.0
2026-10-17,SpiceJet,Hyderabad,Delhi,42,3323.0
2026-10-06,AirAsia,Delhi,Mumbai,31,6057.0
2026-09-15,Air India,Chennai,Delhi,10,8330.0
2026-10-02,SpiceJet,Hyderabad,Bangalore,27,7595.0
2026-09-30,Air India,Kolkata,Chennai,25,8090.0
2026-09-19,AirAsia,Chennai,Kolkata,14,6393.0
2026-10-10,AirAsia,Hyderabad,Mumbai,35,4526.0
2026-09-25,Vistara,Hyderabad,Mumbai,20,10149.0
2026-09-10,AirAsia,Bangalore,Kolkata,5,6924.0
2026-10-10,SpiceJet,Hyderabad,Delhi,35,4696.0
2026-09-12,GoFirst,Hyderabad,Kolkata,7,7857.0
2026-09-23,Vistara,Bangalore,Mumbai,18,13040.0
2026-10-22,Air India,Chennai,Mumbai,47,4488.0
2026-09-22,GoFirst,Mumbai,Bangalore,17,5740.0
2026-10-21,Indigo,Delhi,Kolkata,46,5648.0
2026-09-24,GoFirst,Bangalore,Delhi,19,6141.0
2026-10-02,Indigo,Delhi,Hyderabad,27,5015.0
2026-10-13,Vistara,Hyderabad,Kolkata,38,10139.0
2026-09-28,Vistara,Kolkata,Chennai,23,
2026-10-10,AirAsia,Mumbai,Hyderabad,35,4922.0
2026-10-20,Vistara,Bangalore,Chennai,45,9047.0
2026-09-21,SpiceJet,Delhi,Hyderabad,16,6686.0
2026-09-14,Air India,Bangalore,Mumbai,9,10213.0
2026-09-07,Vistara,Delhi,Kolkata,2,14648.0
2026-10-12,Indigo,Kolkata,Delhi,37,4715.0
2026-09-18,Air India,Delhi,Chennai,13,10252.0
2026-09-25,Vistara,Chennai,Delhi,20,10821.0
2026-09-20,GoFirst,Chennai,Mumbai,15,6866.0
2026-10-13,SpiceJet,Kolkata,Chennai,38,5869.0
2026-10-02,Vistara,Delhi,Kolkata,27,12261.0
2026-10-24,Air India,Delhi,Chennai,49,
2026-10-13,GoFirst,Delhi,Hyderabad,38,5714.0
2026-09-11,AirAsia,Mumbai,Kolkata,6,8955.0
2026-09-16,SpiceJet,Hyderabad,Bangalore,11,8047.0
2026-09-16,Indigo,Delhi,Mumbai,11,9415.0
2026-10-22,Vistara,Delhi,Bangalore,47,5922.0
2026-09-10,Indigo,Chennai,Delhi,5,8576.0
2026-09-08,Indigo,Hyderabad,Kolkata,3,9015.0
2026-09-22,Air India,Chennai,Bangalore,17,8445.0
2026-10-05,SpiceJet,Delhi,Bangalore,30,6843.0
2026-09-13,SpiceJet,Mumbai,Chennai,8,7409.0
2026-09-06,SpiceJet,Hyderabad,Mumbai,1,8702.0
2026-09-20,Vistara,Hyderabad,Bangalore,15,12856.0
2026-10-02,Vistara,Hyderabad,Chennai,27,11805.0
2026-09-26,Air India,Kolkata,Mumbai,21,10412.0
2026-09-21,Vistara,Delhi,Bangalore,16,14066.0
2026-09-25,AirAsia,Kolkata,Chennai,20,7622.0
2026-10-24,SpiceJet,Hyderabad,Chennai,49,5411.0
2026-10-24,SpiceJet,Hyderabad,Kolkata,49,5287.0
2026-10-03,Indigo,Chennai,Kolkata,28,5996.0
2026-10-22,Vistara,Hyderabad,Chennai,47,6097.0
2026-09-21,SpiceJet,Hyderabad,Mumbai,16,8237.0
2026-10-20,SpiceJet,Hyderabad,Delhi,45,4116.0
2026-09-20,GoFirst,Hyderabad,Mumbai,15,7223.0
2026-10-24,Air India,Chennai,Hyderabad,49,4532.0
2026-09-30,SpiceJet,Delhi,Hyderabad,25,5799.0
2026-10-11,GoFirst,Kolkata,Hyderabad,36,5527.0
2026-10-16,Air India,Delhi,Bangalore,41,5661.0
2026-10-18,SpiceJet,Bangalore,Hyderabad,43,4789.0
2026-09-28,SpiceJet,Bangalore,Chennai,23,7750.0
2026-09-28,GoFirst,Mumbai,Bangalore,23,6801.0
2026-09-09,GoFirst,Chennai,Kolkata,4,7641.0
2026-10-10,SpiceJet,Mumbai,Chennai,35,5232.0
2026-10-04,SpiceJet,Mumbai,Hyderabad,29,4606.0
2026-09-11,Indigo,Hyderabad,Bangalore,6,9049.0
2026-10-01,Air India,Kolkata,Delhi,26,7290.0
2026-09-28,GoFirst,Bangalore,Chennai,23,6322.0
2026-10-14,AirAsia,Delhi,Bangalore,39,4094.0
2026-09-16,Air India,Mumbai,Delhi,11,10440.0
2026-09-29,Vistara,Mumbai,Delhi,24,11509.0
2026-10-08,SpiceJet,Mumbai,Chennai,33,5934.0
2026-10-14,Indigo,Chennai,Bangalore,39,4931.0
2026-10-14,GoFirst,Bangalore,Mumbai,39,4227.0
2026-09-26,Air India,Hyderabad,Delhi,21,8559.0
2026-09-30,GoFirst,Delhi,Mumbai,25,5195.0
2026-09-19,Indigo,Mumbai,Hyderabad,14,9504.0
2026-09-25,GoFirst,Bangalore,Mumbai,20,4598.0
2026-10-10,Air India,Delhi,Mumbai,35,6958.0
2026-10-24,Indigo,Hyderabad,Bangalore,49,3240.0
2026-09-26,SpiceJet,Hyderabad,Chennai,21,7305.0
2026-09-13,Air India,Chennai,Delhi,8,9157.0
2026-09-25,GoFirst,Delhi,Mumbai,20,6745.0
2026-10-22,SpiceJet,Hyderabad,Chennai,47,
2026-10-19,Indigo,Hyderabad,Kolkata,44,4647.0
2026-09-06,SpiceJet,Chennai,Delhi,1,9579.0
2026-09-16,Vistara,Kolkata,Mumbai,11,11769.0
2026-10-05,Air India,Kolkata,Chennai,30,6921.0
2026-09-22,GoFirst,Kolkata,Bangalore,17,5632.0
2026-09-13,GoFirst,Hyderabad,Bangalore,8,6658.0
2026-10-22,Air India,Chennai,Hyderabad,47,4217.0
2026-09-30,AirAsia,Kolkata,Hyderabad,25,5044.0
2026-09-19,AirAsia,Hyderabad,Chennai,14,6359.0
2026-10-02,Air India,Delhi,Chennai,27,9690.0
2026-09-21,AirAsia,Mumbai,Bangalore,16,6163.0
2026-09-23,Indigo,Bangalore,Chennai,18,8258.0
2026-09-20,GoFirst,Bangalore,Kolkata,15,6009.0
2026-10-07,Air India,Chennai,Bangalore,32,8743.0
2026-09-15,Air India,Kolkata,Chennai,10,8061.0
2026-10-12,AirAsia,Bangalore,Mumbai,37,5857.0
2026-10-23,Indigo,Delhi,Mumbai,48,3740.0
2026-09-27,GoFirst,Bangalore,Chennai,22,5981.0
2026-09-26,GoFirst,Mumbai,Chennai,21,6545.0
2026-10-21,SpiceJet,Chennai,Delhi,46,4833.0
2026-09-16,SpiceJet,Chennai,Bangalore,11,9073.0
2026-10-22,Vistara,Chennai,Mumbai,47,6244.0
2026-10-06,Indigo,Bangalore,Kolkata,31,4978.0
2026-10-17,Indigo,Bangalore,Kolkata,42,4496.0
2026-10-05,AirAsia,Delhi,Kolkata,30,6660.0
2026-10-14,Air India,Bangalore,Chennai,39,4760.0
2026-10-20,GoFirst,Bangalore,Hyderabad,45,3801.0
2026-10-02,SpiceJet,Bangalore,Kolkata,27,6407.0
2026-09-22,Indigo,Kolkata,Mumbai,17,7137.0
2026-09-30,GoFirst,Mumbai,Kolkata,25,4250.0
2026-10-08,Indigo,Mumbai,Kolkata,33,6866.0
2026-09-13,Air India,Mumbai,Kolkata,8,11210.0
2026-10-15,SpiceJet,Hyderabad,Mumbai,40,5820.0
2026-09-08,Indigo,Bangalore,Chennai,3,10156.0
2026-10-10,AirAsia,Kolkata,Mumbai,35,4291.0
2026-10-22,Vistara,Hyderabad,Mumbai,47,5549.0
2026-09-20,SpiceJet,Bangalore,Kolkata,15,7571.0
2026-09-06,AirAsia,Mumbai,Delhi,1,8595.0
2026-10-02,SpiceJet,Chennai,Hyderabad,27,7405.0
2026-09-12,Vistara,Chennai,Bangalore,7,12572.0
2026-09-24,AirAsia,Delhi,Chennai,19,7178.0
2026-10-12,Indigo,Mumbai,Chennai,37,6203.0
2026-09-22,SpiceJet,Delhi,Chennai,17,6285.0
2026-10-16,Vistara,Delhi,Bangalore,41,7279.0
2026-09-09,SpiceJet,Bangalore,Hyderabad,4,9586.0
2026-09-08,AirAsia,Bangalore,Hyderabad,3,6748.0
2026-09-15,GoFirst,Kolkata,Delhi,10,6447.0
2026-10-18,GoFirst,Bangalore,Chennai,43,4503.0
2026-09-08,AirAsia,Hyderabad,Mumbai,3,9095.0
2026-10-07,SpiceJet,Bangalore,Delhi,32,6105.0
2026-09-23,GoFirst,Chennai,Kolkata,18,6972.0
2026-09-09,Air India,Hyderabad,Chennai,4,10854.0
2026-10-18,Vistara,Mumbai,Bangalore,43,
2026-09-21,AirAsia,Delhi,Chennai,16,5834.0
2026-09-21,SpiceJet,Kolkata,Delhi,16,6155.0
2026-09-21,GoFirst,Chennai,Kolkata,16,7569.0
2026-09-25,Indigo,Chennai,Delhi,20,6462.0
2026-10-10,Indigo,Delhi,Bangalore,35,7359.0
2026-09-28,AirAsia,Kolkata,Chennai,23,7101.0
2026-10-14,GoFirst,Hyderabad,Bangalore,39,4490.0
2026-09-15,SpiceJet,Chennai,Bangalore,10,7580.0
2026-09-26,Vistara,Bangalore,Delhi,21,13107.0
2026-09-22,AirAsia,Bangalore,Hyderabad,17,6655.0
2026-09-30,GoFirst,Hyderabad,Mumbai,25,5385.0
2026-09-30,Indigo,Chennai,Mumbai,25,5945.0
2026-10-20,Indigo,Mumbai,Delhi,45,3980.0
2026-09-29,Air India,Chennai,Mumbai,24,9820.0
2026-09-21,Indigo,Hyderabad,Kolkata,16,7605.0
2026-09-24,Indigo,Bangalore,Kolkata,19,8524.0
2026-10-21,Air India,Delhi,Bangalore,46,4496.0
2026-10-14,SpiceJet,Mumbai,Kolkata,39,4405.0
2026-09-17,Air India,Kolkata,Hyderabad,12,8596.0
2026-10-16,Indigo,Chennai,Mumbai,41,
2026-09-22,Air India,Kolkata,Hyderabad,17,9970.0
2026-09-26,Air India,Bangalore,Chennai,21,7689.0
2026-09-08,Air India,Bangalore,Delhi,3,10648.0
2026-09-16,GoFirst,Hyderabad,Kolkata,11,6697.0
2026-09-22,Air India,Delhi,Kolkata,17,9075.0
2026-10-12,Indigo,Bangalore,Kolkata,37,4131.0
2026-10-05,Air India,Kolkata,Hyderabad,30,7265.0
2026-10-19,Air India,Mumbai,Bangalore,44,6276.0
2026-10-04,Air India,Chennai,Delhi,29,6335.0
2026-09-18,SpiceJet,Kolkata,Hyderabad,13,7643.0
2026-10-02,Vistara,Delhi,Kolkata,27,9652.0
2026-09-08,SpiceJet,Bangalore,Kolkata,3,7825.0
2026-10-17,GoFirst,Hyderabad,Mumbai,42,5127.0
2026-09-27,AirAsia,Bangalore,Chennai,22,6444.0
2026-10-13,GoFirst,Mumbai,Delhi,38,3913.0
2026-09-15,AirAsia,Chennai,Delhi,10,8454.0
2026-09-28,Vistara,Chennai,Hyderabad,23,11158.0
2026-09-30,Air India,Kolkata,Mumbai,25,7126.0
2026-09-25,SpiceJet,Kolkata,Chennai,20,6835.0
2026-10-18,Vistara,Mumbai,Bangalore,43,9382.0
2026-10-04,Air India,Mumbai,Delhi,29,6470.0
2026-10-10,GoFirst,Bangalore,Hyderabad,35,4861.0
2026-09-19,AirAsia,Delhi,Hyderabad,14,7336.0
2026-09-10,AirAsia,Bangalore,Chennai,5,7557.0
2026-10-06,Indigo,Hyderabad,Bangalore,31,4700.0
2026-09-18,GoFirst,Bangalore,Kolkata,13,7071.0
2026-09-15,SpiceJet,Mumbai,Bangalore,10,6983.0
2026-09-12,Air India,Delhi,Mumbai,7,11696.0
2026-10-06,Vistara,Mumbai,Chennai,31,9731.0
2026-10-02,Vistara,Bangalore,Mumbai,27,10065.0
2026-10-24,Indigo,Chennai,Kolkata,49,5641.0
2026-10-12,SpiceJet,Chennai,Mumbai,37,4805.0
2026-09-14,GoFirst,Mumbai,Kolkata,9,7146.0
2026-10-20,Indigo,Bangalore,Delhi,45,5383.0
2026-09-25,SpiceJet,Bangalore,Hyderabad,20,6368.0
2026-10-19,SpiceJet,Mumbai,Kolkata,44,3941.0
2026-10-24,Vistara,Hyderabad,Kolkata,49,6799.0
2026-09-22,SpiceJet,Chennai,Hyderabad,17,7603.0
2026-09-22,GoFirst,Mumbai,Hyderabad,17,6170.0
2026-09-26,Air India,Mumbai,Delhi,21,9461.0
2026-10-19,Air India,Bangalore,Delhi,44,6378.0
2026-09-26,Air India,Hyderabad,Chennai,21,8044.0
2026-10-03,Air India,Mumbai,Kolkata,28,6363.0
2026-09-18,Air India,Mumbai,Bangalore,13,7967.0
2026-09-23,Air India,Hyderabad,Bangalore,18,9437.0
2026-10-06,Vistara,Mumbai,Delhi,31,6989.0
2026-10-21,Indigo,Bangalore,Delhi,46,5474.0
2026-09-20,Air India,Kolkata,Hyderabad,15,10931.0
2026-10-09,SpiceJet,Mumbai,Delhi,34,7013.0
2026-09-27,AirAsia,Delhi,Kolkata,22,6354.0
2026-10-07,SpiceJet,Delhi,Hyderabad,32,5604.0
2026-09-16,Vistara,Mumbai,Kolkata,11,11454.0
2026-09-19,Vistara,Bangalore,Kolkata,14,10147.0
2026-10-22,Indigo,Chennai,Bangalore,47,5245.0
2026-09-23,AirAsia,Bangalore,Hyderabad,18,
2026-10-04,AirAsia,Kolkata,Chennai,29,4729.0
2026-10-17,SpiceJet,Kolkata,Hyderabad,42,4046.0
2026-09-25,GoFirst,Kolkata,Mumbai,20,7630.0
2026-09-21,AirAsia,Mumbai,Hyderabad,16,8020.0
2026-09-19,Vistara,Chennai,Mumbai,14,13817.0
2026-09-12,Vistara,Bangalore,Hyderabad,7,12343.0
2026-10-06,Indigo,Kolkata,Bangalore,31,5191.0
2026-09-16,AirAsia,Bangalore,Hyderabad,11,7515.0
2026-10-17,Vistara,Mumbai,Hyderabad,42,9162.0
2026-09-11,Vistara,Mumbai,Hyderabad,6,11501.0
2026-09-17,Indigo,Kolkata,Bangalore,12,9353.0
2026-10-13,Vistara,Hyderabad,Kolkata,38,8691.0
2026-10-19,GoFirst,Delhi,Mumbai,44,4586.0
2026-10-10,Air India,Hyderabad,Delhi,35,7075.0
2026-10-17,Vistara,Mumbai,Chennai,42,10190.0
2026-10-10,SpiceJet,Bangalore,Mumbai,35,4684.0
2026-09-17,AirAsia,Kolkata,Chennai,12,5512.0
2026-09-07,SpiceJet,Hyderabad,Kolkata,2,8832.0
2026-09-19,AirAsia,Hyderabad,Mumbai,14,6750.0
2026-10-23,Indigo,Kolkata,Chennai,48,5088.0
2026-10-12,Vistara,Chennai,Bangalore,37,6504.0
2026-10-02,GoFirst,Delhi,Mumbai,27,5812.0
2026-09-17,Air India,Bangalore,Kolkata,12,8404.0
2026-09-14,AirAsia,Bangalore,Hyderabad,9,7235.0
2026-10-17,Vistara,Hyderabad,Chennai,42,7674.0
2026-09-26,Indigo,Hyderabad,Bangalore,21,8366.0
2026-09-29,Air India,Chennai,Hyderabad,24,7356.0
2026-10-04,Indigo,Bangalore,Delhi,29,6351.0
2026-10-14,GoFirst,Kolkata,Delhi,39,4351.0
2026-10-24,Air India,Bangalore,Chennai,49,3925.0
2026-09-19,Vistara,Hyderabad,Delhi,14,10428.0
2026-09-07,AirAsia,Hyderabad,Bangalore,2,7554.0
2026-10-19,SpiceJet,Bangalore,Kolkata,44,4502.0
2026-09-22,Vistara,Mumbai,Hyderabad,17,13472.0
2026-10-01,SpiceJet,Mumbai,Kolkata,26,5602.0
2026-09-13,SpiceJet,Kolkata,Hyderabad,8,8632.0
2026-09-21,SpiceJet,Chennai,Kolkata,16,6257.0
2026-10-03,Air India,Kolkata,Mumbai,28,8416.0
2026-09-27,Air India,Kolkata,Hyderabad,22,9474.0
2026-09-23,SpiceJet,Mumbai,Delhi,18,6256.0
2026-10-24,GoFirst,Chennai,Hyderabad,49,4129.0
2026-10-01,SpiceJet,Chennai,Mumbai,26,5922.0
2026-09-22,Air India,Mumbai,Kolkata,17,8322.0
2026-09-19,GoFirst,Kolkata,Delhi,14,6354.0
2026-10-24,Vistara,Chennai,Bangalore,49,8498.0
2026-09-11,Indigo,Mumbai,Bangalore,6,8385.0
2026-10-03,Indigo,Bangalore,Delhi,28,8169.0
2026-09-20,AirAsia,Bangalore,Kolkata,15,7141.0
2026-09-28,GoFirst,Mumbai,Delhi,23,4544.0
2026-09-17,Indigo,Delhi,Bangalore,12,7594.0
2026-09-10,AirAsia,Hyderabad,Kolkata,5,8058.0
2026-09-08,GoFirst,Delhi,Kolkata,3,6658.0
2026-10-02,Air India,Kolkata,Mumbai,27,6576.0
2026-09-25,Air India,Hyderabad,Bangalore,20,10883.0
2026-10-23,SpiceJet,Hyderabad,Kolkata,48,3602.0
2026-10-21,AirAsia,Bangalore,Mumbai,46,3268.0
2026-10-09,Vistara,Bangalore,Chennai,34,9859.0
2026-10-02,AirAsia,Delhi,Chennai,27,6360.0
2026-09-08,GoFirst,Chennai,Bangalore,3,7356.0
2026-09-27,GoFirst,Bangalore,Mumbai,22,6514.0
2026-09-18,SpiceJet,Hyderabad,Delhi,13,7067.0
2026-10-17,SpiceJet,Mumbai,Chennai,42,3948.0
2026-09-15,Vistara,Kolkata,Delhi,10,11623.0
2026-09-11,GoFirst,Chennai,Kolkata,6,
2026-09-19,Air India,Hyderabad,Kolkata,14,7903.0
2026-10-02,Indigo,Delhi,Kolkata,27,7854.0
2026-09-07,Air India,Mumbai,Bangalore,2,10137.0
2026-10-08,Indigo,Chennai,Hyderabad,33,5869.0
2026-10-09,AirAsia,Bangalore,Kolkata,34,5197.0
2026-10-01,AirAsia,Hyderabad,Mumbai,26,5090.0
2026-09-17,AirAsia,Mumbai,Chennai,12,8095.0
2026-10-11,GoFirst,Mumbai,Chennai,36,4485.0
2026-09-07,Indigo,Hyderabad,Kolkata,2,9304.0
2026-09-19,Air India,Chennai,Hyderabad,14,8734.0
2026-09-12,Vistara,Hyderabad,Chennai,7,14264.0
2026-09-25,Vistara,Delhi,Hyderabad,20,12699.0
2026-09-25,AirAsia,Mumbai,Bangalore,20,5647.0
2026-09-15,AirAsia,Chennai,Bangalore,10,6094.0
2026-09-29,GoFirst,Bangalore,Mumbai,24,6690.0
2026-10-08,GoFirst,Mumbai,Bangalore,33,5642.0
2026-10-21,Vistara,Chennai,Kolkata,46,6659.0
2026-09-29,GoFirst,Kolkata,Chennai,24,4803.0
2026-09-07,AirAsia,Hyderabad,Bangalore,2,8643.0
2026-10-21,SpiceJet,Mumbai,Chennai,46,4988.0
2026-10-24,Air India,Delhi,Hyderabad,49,6343.0
2026-09-27,Indigo,Kolkata,Bangalore,22,6686.0
2026-10-02,Indigo,Delhi,Chennai,27,6727.0
2026-09-14,SpiceJet,Delhi,Hyderabad,9,6845.0
2026-10-08,SpiceJet,Mumbai,Hyderabad,33,6975.0
2026-09-19,Vistara,Delhi,Bangalore,14,12624.0
2026-09-21,Air India,Kolkata,Hyderabad,16,9189.0
2026-10-21,AirAsia,Hyderabad,Kolkata,46,3584.0
2026-10-23,AirAsia,Hyderabad,Bangalore,48,3035.0
2026-10-15,SpiceJet,Delhi,Mumbai,40,5535.0
2026-09-23,Vistara,Chennai,Kolkata,18,9182.0
2026-09-20,Vistara,Mumbai,Hyderabad,15,10228.0
2026-09-14,Vistara,Mumbai,Delhi,9,13365.0
2026-10-11,Indigo,Chennai,Hyderabad,36,6319.0
2026-10-02,Indigo,Hyderabad,Delhi,27,5665.0
2026-10-19,AirAsia,Chennai,Bangalore,44,4582.0
2026-10-22,AirAsia,Mumbai,Bangalore,47,5151.0
2026-09-24,Vistara,Chennai,Bangalore,19,12554.0
2026-10-04,SpiceJet,Mumbai,Chennai,29,6492.0
2026-10-15,Vistara,Hyderabad,Kolkata,40,7505.0
2026-10-21,Air India,Bangalore,Kolkata,46,6434.0
2026-10-02,GoFirst,Mumbai,Delhi,27,4694.0
2026-09-16,Indigo,Delhi,Chennai,11,9550.0
2026-09-06,AirAsia,Delhi,Mumbai,1,
2026-10-01,SpiceJet,Mumbai,Kolkata,26,6083.0
2026-09-30,GoFirst,Kolkata,Hyderabad,25,5130.0
2026-10-09,GoFirst,Mumbai,Bangalore,34,4303.0
2026-10-05,GoFirst,Mumbai,Kolkata,30,6269.0
2026-09-12,Indigo,Bangalore,Chennai,7,7220.0
2026-10-15,GoFirst,Delhi,Mumbai,40,5049.0
2026-09-24,GoFirst,Mumbai,Hyderabad,19,5592.0
2026-09-25,Vistara,Mumbai,Delhi,20,12231.0
2026-10-03,AirAsia,Bangalore,Delhi,28,6178.0
2026-10-15,SpiceJet,Mumbai,Kolkata,40,4222.0
2026-10-11,Indigo,Hyderabad,Kolkata,36,5793.0
2026-09-27,Vistara,Kolkata,Mumbai,22,10695.0
2026-09-12,GoFirst,Kolkata,Hyderabad,7,
2026-10-05,Air India,Chennai,Kolkata,30,7292.0
2026-09-28,GoFirst,Bangalore,Kolkata,23,5771.0
2026-10-02,SpiceJet,Hyderabad,Bangalore,27,4971.0
2026-09-23,GoFirst,Chennai,Kolkata,18,6099.0
2026-10-13,SpiceJet,Hyderabad,Bangalore,38,6081.0
2026-10-17,Vistara,Delhi,Kolkata,42,8037.0
2026-09-11,Air India,Chennai,Hyderabad,6,8933.0
2026-10-02,Indigo,Mumbai,Bangalore,27,6649.0
2026-09-30,Vistara,Hyderabad,Bangalore,25,10294.0
2026-10-24,Indigo,Kolkata,Delhi,49,3363.0
2026-09-26,SpiceJet,Bangalore,Chennai,21,5702.0
2026-10-09,GoFirst,Bangalore,Kolkata,34,4675.0
2026-10-06,Indigo,Delhi,Chennai,31,7342.0
2026-09-24,Air India,Chennai,Kolkata,19,10790.0
2026-09-16,SpiceJet,Mumbai,Bangalore,11,6974.0
2026-10-07,SpiceJet,Delhi,Chennai,32,5681.0
2026-09-11,SpiceJet,Hyderabad,Delhi,6,8797.0
2026-09-20,SpiceJet,Delhi,Chennai,15,6145.0
2026-09-18,SpiceJet,Chennai,Mumbai,13,6683.0
2026-10-15,Vistara,Bangalore,Delhi,40,10124.0
2026-09-14,SpiceJet,Kolkata,Delhi,9,6183.0
2026-09-12,AirAsia,Kolkata,Bangalore,7,8787.0
2026-10-21,GoFirst,Chennai,Mumbai,46,4541.0
2026-10-22,Vistara,Kolkata,Bangalore,47,5418.0
2026-09-13,AirAsia,Hyderabad,Bangalore,8,6724.0
2026-10-13,SpiceJet,Chennai,Hyderabad,38,4509.0
2026-09-18,Air India,Delhi,Chennai,13,8199.0
2026-10-04,Vistara,Hyderabad,Kolkata,29,9398.0
2026-09-11,GoFirst,Mumbai,Chennai,6,8592.0
2026-10-05,Air India,Chennai,Bangalore,30,8238.0
2026-10-18,AirAsia,Chennai,Delhi,43,4786.0
2026-10-01,GoFirst,Mumbai,Kolkata,26,5712.0
2026-10-14,AirAsia,Kolkata,Hyderabad,39,5441.0
2026-09-27,Indigo,Mumbai,Bangalore,22,6723.0
2026-10-10,GoFirst,Kolkata,Chennai,35,3574.0
2026-10-07,Vistara,Hyderabad,Bangalore,32,9823.0
2026-09-29,GoFirst,Bangalore,Delhi,24,4833.0
2026-10-05,GoFirst,Mumbai,Chennai,30,5726.0
2026-10-12,AirAsia,Mumbai,Delhi,37,6161.0
2026-10-07,Vistara,Mumbai,Bangalore,32,11105.0
2026-10-10,Indigo,Delhi,Chennai,35,7607.0
2026-10-07,GoFirst,Bangalore,Chennai,32,4686.0
2026-10-18,Air India,Mumbai,Bangalore,43,5125.0
2026-09-06,Air India,Hyderabad,Mumbai,1,10060.0
2026-10-19,Vistara,Delhi,Mumbai,44,9502.0
2026-10-14,Indigo,Hyderabad,Mumbai,39,4419.0
2026-10-07,Air India,Hyderabad,Bangalore,32,7159.0
2026-10-22,Indigo,Mumbai,Hyderabad,47,6030.0
2026-09-26,Indigo,Mumbai,Kolkata,21,7704.0
2026-09-20,Air India,Hyderabad,Delhi,15,11246.0
2026-09-11,GoFirst,Chennai,Kolkata,6,7607.0
2026-09-07,Air India,Bangalore,Delhi,2,10471.0
2026-10-23,Vistara,Kolkata,Chennai,48,8398.0
2026-10-17,SpiceJet,Mumbai,Kolkata,42,4562.0
2026-09-10,GoFirst,Kolkata,Bangalore,5,8211.0
2026-10-06,Air India,Chennai,Bangalore,31,6710.0
2026-09-25,Vistara,Chennai,Hyderabad,20,9277.0
2026-10-10,Air India,Delhi,Bangalore,35,7986.0
2026-10-24,AirAsia,Chennai,Delhi,49,3877.0
2026-09-09,AirAsia,Kolkata,Chennai,4,7200.0
2026-09-07,SpiceJet,Bangalore,Kolkata,2,8512.0
2026-10-19,GoFirst,Bangalore,Mumbai,44,3577.0
2026-09-26,SpiceJet,Chennai,Kolkata,21,6987.0
2026-09-07,Air India,Chennai,Delhi,2,12618.0
2026-10-19,AirAsia,Mumbai,Hyderabad,44,4228.0
2026-10-23,Vistara,Mumbai,Bangalore,48,9361.0
2026-09-20,GoFirst,Bangalore,Hyderabad,15,5306.0
2026-09-26,Vistara,Kolkata,Bangalore,21,9199.0
2026-09-27,GoFirst,Kolkata,Bangalore,22,5355.0
2026-10-18,Vistara,Chennai,Delhi,43,7382.0
2026-10-23,GoFirst,Delhi,Hyderabad,48,3345.0
2026-10-06,Indigo,Kolkata,Bangalore,31,6953.0
2026-10-13,GoFirst,Hyderabad,Chennai,38,4630.0
2026-10-01,AirAsia,Delhi,Chennai,26,5099.0
2026-10-07,Indigo,Delhi,Chennai,32,6493.0
2026-10-14,Vistara,Kolkata,Bangalore,39,10329.0
2026-09-07,Indigo,Delhi,Bangalore,2,8333.0
2026-09-10,Vistara,Mumbai,Kolkata,5,14259.0
2026-09-28,SpiceJet,Chennai,Bangalore,23,6577.0
2026-09-16,GoFirst,Hyderabad,Chennai,11,5801.0
2026-09-12,Indigo,Delhi,Hyderabad,7,8608.0
2026-10-10,SpiceJet,Delhi,Bangalore,35,4550.0
2026-10-23,GoFirst,Hyderabad,Mumbai,48,2941.0
2026-10-13,Vistara,Mumbai,Kolkata,38,8645.0
2026-10-20,Vistara,Delhi,Kolkata,45,9116.0
2026-09-07,AirAsia,Hyderabad,Chennai,2,7054.0
2026-09-18,Vistara,Kolkata,Mumbai,13,12814.0
2026-09-20,Vistara,Bangalore,Chennai,15,10679.0
2026-09-10,Vistara,Kolkata,Hyderabad,5,13608.0
2026-09-24,AirAsia,Delhi,Mumbai,19,7508.0
2026-10-23,Air India,Hyderabad,Delhi,48,4411.0
2026-09-28,SpiceJet,Hyderabad,Chennai,23,7455.0
2026-09-14,SpiceJet,Hyderabad,Mumbai,9,6050.0
2026-10-16,GoFirst,Bangalore,Hyderabad,41,3273.0
2026-10-21,Indigo,Kolkata,Bangalore,46,5679.0
2026-09-23,Indigo,Kolkata,Chennai,18,8950.0
2026-10-12,Vistara,Chennai,Kolkata,37,8193.0
2026-09-26,Indigo,Kolkata,Delhi,21,6425.0
2026-10-06,SpiceJet,Kolkata,Hyderabad,31,6365.0
2026-09-30,Vistara,Delhi,Chennai,25,10728.0
2026-09-24,GoFirst,Hyderabad,Kolkata,19,5801.0
2026-10-24,SpiceJet,Kolkata,Hyderabad,49,2709.0
2026-09-09,Indigo,Chennai,Kolkata,4,9283.0
2026-09-23,SpiceJet,Delhi,Chennai,18,7212.0
2026-10-03,AirAsia,Bangalore,Chennai,28,5406.0
2026-09-20,AirAsia,Mumbai,Kolkata,15,7893.0
2026-09-22,Vistara,Chennai,Bangalore,17,12194.0
2026-09-10,AirAsia,Mumbai,Hyderabad,5,8388.0
2026-10-22,GoFirst,Hyderabad,Bangalore,47,4244.0
2026-10-05,Indigo,Chennai,Mumbai,30,4681.0
2026-09-15,AirAsia,Kolkata,Hyderabad,10,6489.0
2026-09-15,Indigo,Chennai,Bangalore,10,7928.0
2026-10-14,Air India,Hyderabad,Delhi,39,5576.0
2026-09-15,Air India,Kolkata,Bangalore,10,10816.0
2026-10-04,Air India,Delhi,Hyderabad,29,7523.0
2026-10-13,Vistara,Chennai,Hyderabad,38,9932.0
2026-10-15,GoFirst,Hyderabad,Delhi,40,3293.0
2026-09-06,SpiceJet,Hyderabad,Bangalore,1,9055.0
2026-09-22,Indigo,Kolkata,Mumbai,17,7310.0
2026-10-04,GoFirst,Mumbai,Chennai,29,5134.0
2026-10-16,Indigo,Delhi,Hyderabad,41,4398.0
2026-09-13,GoFirst,Bangalore,Mumbai,8,7343.0
2026-10-09,Vistara,Delhi,Bangalore,34,7046.0
2026-09-29,Air India,Hyderabad,Delhi,24,9904.0
2026-10-13,SpiceJet,Kolkata,Bangalore,38,5237.0
2026-09-21,Indigo,Bangalore,Kolkata,16,8055.0
2026-09-15,Indigo,Delhi,Chennai,10,9028.0
2026-10-10,Vistara,Mumbai,Delhi,35,10045.0
2026-09-15,Indigo,Bangalore,Kolkata,10,8433.0
2026-09-17,Vistara,Mumbai,Delhi,12,11717.0
2026-09-25,Indigo,Delhi,Bangalore,20,7363.0
2026-10-24,Air India,Chennai,Kolkata,49,
2026-10-04,Indigo,Kolkata,Bangalore,29,5512.0
2026-10-04,AirAsia,Bangalore,Mumbai,29,5536.0
2026-10-20,SpiceJet,Hyderabad,Bangalore,45,6077.0
2026-09-27,Air India,Bangalore,Hyderabad,22,8208.0
2026-09-26,AirAsia,Delhi,Hyderabad,21,7112.0
2026-10-19,Air India,Kolkata,Hyderabad,44,6795.0
2026-10-06,AirAsia,Delhi,Bangalore,31,5104.0
2026-09-20,Air India,Chennai,Hyderabad,15,11397.0
2026-09-08,Air India,Hyderabad,Delhi,3,10424.0
2026-09-08,Indigo,Mumbai,Chennai,3,9848.0
2026-09-06,SpiceJet,Kolkata,Chennai,1,8659.0
2026-09-27,SpiceJet,Bangalore,Mumbai,22,5948.0
2026-09-30,Air India,Kolkata,Bangalore,25,9599.0
2026-10-15,AirAsia,Delhi,Kolkata,40,4398.0
2026-09-07,Vistara,Hyderabad,Kolkata,2,15356.0
2026-10-12,GoFirst,Chennai,Bangalore,37,4483.0
2026-10-01,GoFirst,Kolkata,Mumbai,26,6361.0
2026-09-28,Vistara,Kolkata,Delhi,23,12294.0
2026-09-06,Vistara,Hyderabad,Chennai,1,14408.0
2026-09-30,GoFirst,Kolkata,Chennai,25,5852.0
2026-09-24,SpiceJet,Kolkata,Chennai,19,7788.0
2026-09-12,AirAsia,Bangalore,Chennai,7,6694.0
2026-09-28,Indigo,Bangalore,Chennai,23,6234.0
2026-09-06,SpiceJet,Delhi,Chennai,1,7287.0
2026-09-21,GoFirst,Mumbai,Hyderabad,16,7717.0
2026-10-14,Vistara,Chennai,Delhi,39,8411.0
2026-09-25,Indigo,Kolkata,Chennai,20,
2026-09-28,AirAsia,Delhi,Bangalore,23,5487.0
2026-09-11,Air India,Hyderabad,Kolkata,6,8764.0
2026-10-01,AirAsia,Bangalore,Hyderabad,26,6275.0
2026-09-22,Vistara,Delhi,Mumbai,17,11693.0
2026-09-16,SpiceJet,Chennai,Kolkata,11,8779.0
2026-09-14,Vistara,Chennai,Hyderabad,9,14065.0
2026-10-16,Air India,Bangalore,Kolkata,41,5592.0
2026-09-22,AirAsia,Hyderabad,Delhi,17,6088.0
2026-09-06,Vistara,Bangalore,Kolkata,1,13300.0
2026-10-15,AirAsia,Mumbai,Chennai,40,5374.0
2026-09-20,Vistara,Bangalore,Chennai,15,13364.0
2026-09-15,Indigo,Kolkata,Bangalore,10,8531.0
2026-09-30,Air India,Delhi,Kolkata,25,7616.0
2026-10-16,Indigo,Delhi,Hyderabad,41,6168.0
2026-09-27,SpiceJet,Chennai,Kolkata,22,7250.0
2026-09-27,Indigo,Bangalore,Mumbai,22,7673.0
2026-09-09,Indigo,Chennai,Hyderabad,4,9877.0
2026-09-14,Vistara,Mumbai,Delhi,9,12676.0
2026-09-15,Indigo,Bangalore,Hyderabad,10,7244.0
2026-09-22,AirAsia,Delhi,Kolkata,17,5742.0
2026-10-23,GoFirst,Delhi,Bangalore,48,4395.0
2026-09-06,GoFirst,Mumbai,Hyderabad,1,7991.0
2026-10-05,GoFirst,Chennai,Bangalore,30,5872.0
2026-10-07,Vistara,Hyderabad,Chennai,32,8736.0
2026-10-24,Vistara,Mumbai,Delhi,49,6824.0
2026-09-12,Vistara,Kolkata,Mumbai,7,12774.0
2026-10-02,Air India,Bangalore,Kolkata,27,6275.0
2026-10-07,AirAsia,Chennai,Kolkata,32,5376.0
2026-09-29,SpiceJet,Mumbai,Kolkata,24,
2026-10-11,AirAsia,Kolkata,Hyderabad,36,5928.0
2026-09-18,AirAsia,Hyderabad,Bangalore,13,6832.0
2026-09-26,Air India,Kolkata,Mumbai,21,10142.0
2026-09-26,Vistara,Kolkata,Delhi,21,12929.0
2026-10-03,SpiceJet,Mumbai,Hyderabad,28,4341.0
2026-09-26,AirAsia,Chennai,Bangalore,21,6057.0
2026-09-15,SpiceJet,Bangalore,Kolkata,10,7043.0
2026-10-15,Vistara,Hyderabad,Kolkata,40,9391.0
2026-09-11,Indigo,Mumbai,Chennai,6,10396.0
2026-09-12,Vistara,Kolkata,Bangalore,7,11732.0
2026-09-26,Indigo,Kolkata,Chennai,21,7479.0
2026-09-28,SpiceJet,Delhi,Chennai,23,6294.0
2026-10-09,Vistara,Kolkata,Bangalore,34,11255.0
2026-09-14,GoFirst,Kolkata,Delhi,9,7636.0
2026-10-18,Indigo,Delhi,Mumbai,43,6611.0
2026-09-19,Air India,Kolkata,Bangalore,14,8154.0
2026-09-29,AirAsia,Chennai,Kolkata,24,6921.0
2026-09-24,SpiceJet,Hyderabad,Chennai,19,6332.0
2026-10-02,AirAsia,Delhi,Kolkata,27,4452.0
2026-10-06,GoFirst,Chennai,Hyderabad,31,4916.0
2026-09-18,Air India,Mumbai,Bangalore,13,8938.0
2026-10-24,AirAsia,Bangalore,Delhi,49,4315.0
2026-10-04,Air India,Hyderabad,Kolkata,29,8541.0
2026-10-22,Air India,Mumbai,Delhi,47,3984.0
2026-09-23,SpiceJet,Delhi,Mumbai,18,5822.0
2026-09-29,Air India,Kolkata,Bangalore,24,8522.0
2026-09-26,GoFirst,Chennai,Bangalore,21,7162.0
2026-10-01,GoFirst,Bangalore,Mumbai,26,5163.0
2026-09-29,Air India,Delhi,Hyderabad,24,8817.0
2026-10-01,Vistara,Chennai,Bangalore,26,11022.0
2026-10-12,GoFirst,Kolkata,Bangalore,37,5258.0
2026-09-14,Vistara,Hyderabad,Kolkata,9,13237.0
2026-09-18,Vistara,Bangalore,Chennai,13,10513.0
2026-10-10,Air India,Delhi,Mumbai,35,7798.0
2026-10-08,Indigo,Kolkata,Bangalore,33,4334.0
2026-10-24,SpiceJet,Kolkata,Hyderabad,49,3009.0
2026-09-25,AirAsia,Chennai,Delhi,20,7700.0
2026-10-02,Vistara,Kolkata,Delhi,27,10509.0
2026-09-08,AirAsia,Chennai,Kolkata,3,7726.0
2026-10-01,Indigo,Mumbai,Delhi,26,7942.0
2026-10-15,SpiceJet,Chennai,Mumbai,40,5595.0
2026-09-25,Indigo,Hyderabad,Bangalore,20,8823.0
2026-09-20,GoFirst,Mumbai,Delhi,15,6061.0
2026-09-15,Vistara,Mumbai,Hyderabad,10,11564.0
2026-10-13,Indigo,Hyderabad,Bangalore,38,6093.0
2026-10-22,Indigo,Delhi,Hyderabad,47,3919.0
2026-10-12,AirAsia,Kolkata,Bangalore,37,5380.0
2026-10-21,SpiceJet,Hyderabad,Mumbai,46,4080.0
2026-09-22,Air India,Chennai,Kolkata,17,7964.0
2026-09-25,Indigo,Hyderabad,Bangalore,20,8998.0
2026-10-12,Vistara,Mumbai,Bangalore,37,7114.0
2026-10-16,Air India,Delhi,Kolkata,41,7497.0
2026-10-17,Vistara,Chennai,Bangalore,42,8714.0
2026-10-08,Air India,Bangalore,Hyderabad,33,8652.0
2026-09-11,GoFirst,Chennai,Delhi,6,6794.0
2026-09-12,GoFirst,Chennai,Hyderabad,7,6419.0
2026-10-13,Vistara,Bangalore,Mumbai,38,9681.0
2026-10-04,SpiceJet,Delhi,Chennai,29,6555.0
2026-09-19,GoFirst,Hyderabad,Mumbai,14,6941.0
2026-09-27,Indigo,Hyderabad,Bangalore,22,7216.0
2026-10-21,Indigo,Mumbai,Kolkata,46,4181.0
2026-09-17,SpiceJet,Hyderabad,Mumbai,12,8402.0
2026-09-27,Indigo,Mumbai,Bangalore,22,8793.0
2026-09-21,Vistara,Kolkata,Mumbai,16,12476.0
2026-10-09,SpiceJet,Hyderabad,Delhi,34,6689.0
2026-10-01,SpiceJet,Chennai,Delhi,26,5097.0
2026-09-10,Vistara,Mumbai,Chennai,5,12269.0
2026-10-14,Vistara,Bangalore,Mumbai,39,9601.0
2026-09-13,Vistara,Chennai,Delhi,8,14664.0
2026-10-07,Vistara,Hyderabad,Delhi,32,10831.0
2026-10-17,AirAsia,Hyderabad,Kolkata,42,5094.0
2026-09-22,Vistara,Mumbai,Hyderabad,17,11143.0
2026-10-22,Air India,Chennai,Delhi,47,3764.0
2026-10-20,GoFirst,Kolkata,Bangalore,45,5497.0
2026-10-12,Air India,Hyderabad,Chennai,37,6394.0
2026-09-22,GoFirst,Mumbai,Hyderabad,17,5700.0
2026-09-26,SpiceJet,Hyderabad,Bangalore,21,6862.0
2026-10-02,GoFirst,Bangalore,Hyderabad,27,5246.0
2026-10-16,AirAsia,Kolkata,Chennai,41,4302.0
2026-10-11,SpiceJet,Mumbai,Kolkata,36,5517.0
2026-10-14,Indigo,Chennai,Kolkata,39,6858.0
2026-10-05,Air India,Hyderabad,Chennai,30,
2026-10-03,Air India,Hyderabad,Kolkata,28,7005.0
2026-10-05,SpiceJet,Delhi,Chennai,30,4337.0
2026-10-09,Air India,Bangalore,Kolkata,34,9155.0
2026-09-22,Air India,Hyderabad,Chennai,17,10700.0
2026-10-07,GoFirst,Chennai,Delhi,32,5651.0
2026-10-09,Vistara,Hyderabad,Delhi,34,10448.0
2026-10-21,Vistara,Mumbai,Bangalore,46,5747.0
2026-09-25,SpiceJet,Chennai,Mumbai,20,5793.0
2026-09-17,Vistara,Kolkata,Delhi,12,13975.0
2026-10-01,AirAsia,Chennai,Kolkata,26,6152.0
2026-10-24,Air India,Hyderabad,Mumbai,49,4514.0
2026-10-15,Air India,Mumbai,Chennai,40,6234.0
2026-09-14,Vistara,Hyderabad,Bangalore,9,11230.0
2026-09-25,SpiceJet,Chennai,Mumbai,20,8128.0
2026-09-25,AirAsia,Mumbai,Kolkata,20,6462.0
2026-10-08,Air India,Delhi,Mumbai,33,5740.0
2026-10-05,Indigo,Chennai,Kolkata,30,8365.0
2026-10-07,AirAsia,Chennai,Delhi,32,4169.0
2026-10-05,Vistara,Mumbai,Chennai,30,8416.0
2026-09-19,GoFirst,Kolkata,Mumbai,14,6961.0
2026-10-01,GoFirst,Kolkata,Delhi,26,6051.0
2026-09-09,AirAsia,Mumbai,Chennai,4,8353.0
2026-09-12,GoFirst,Mumbai,Chennai,7,6041.0
2026-09-26,GoFirst,Bangalore,Kolkata,21,4951.0
2026-10-20,SpiceJet,Mumbai,Chennai,45,3625.0
2026-09-11,GoFirst,Chennai,Delhi,6,6243.0
2026-09-11,AirAsia,Hyderabad,Chennai,6,6700.0
2026-09-10,GoFirst,Bangalore,Kolkata,5,6468.0
2026-10-05,Vistara,Delhi,Bangalore,30,11393.0
2026-10-06,GoFirst,Hyderabad,Mumbai,31,5861.0
2026-09-27,Vistara,Mumbai,Hyderabad,22,11831.0
2026-09-10,GoFirst,Mumbai,Hyderabad,5,6372.0
2026-10-13,AirAsia,Kolkata,Delhi,38,3522.0
2026-10-19,Vistara,Delhi,Chennai,44,8919.0
2026-10-13,SpiceJet,Bangalore,Mumbai,38,4651.0
2026-10-08,AirAsia,Delhi,Mumbai,33,5431.0
2026-09-16,Air India,Kolkata,Delhi,11,9836.0
2026-10-07,GoFirst,Delhi,Bangalore,32,4767.0
2026-10-10,GoFirst,Chennai,Bangalore,35,3338.0
2026-10-16,AirAsia,Bangalore,Chennai,41,4847.0
2026-09-18,AirAsia,Mumbai,Bangalore,13,7210.0
2026-10-06,AirAsia,Bangalore,Hyderabad,31,6262.0
2026-10-14,Indigo,Hyderabad,Delhi,39,5276.0
2026-10-01,Air India,Chennai,Delhi,26,7561.0
2026-10-08,Indigo,Mumbai,Chennai,33,4842.0
2026-10-19,Air India,Kolkata,Mumbai,44,7412.0
2026-10-23,GoFirst,Chennai,Delhi,48,4835.0
2026-10-09,SpiceJet,Delhi,Hyderabad,34,6096.0
2026-10-17,AirAsia,Bangalore,Mumbai,42,3726.0
2026-10-10,Indigo,Hyderabad,Chennai,35,5839.0
2026-09-13,GoFirst,Hyderabad,Kolkata,8,8139.0
2026-10-06,Indigo,Delhi,Chennai,31,7966.0
2026-09-19,Indigo,Chennai,Delhi,14,7072.0
2026-10-01,GoFirst,Chennai,Hyderabad,26,4819.0
2026-09-20,GoFirst,Kolkata,Mumbai,15,6313.0
2026-09-16,SpiceJet,Chennai,Kolkata,11,7060.0
2026-09-20,SpiceJet,Mumbai,Bangalore,15,5648.0
2026-09-06,Indigo,Hyderabad,Bangalore,1,8791.0
2026-09-07,Indigo,Chennai,Mumbai,2,8130.0
2026-10-08,GoFirst,Kolkata,Delhi,33,5451.0
2026-09-21,Indigo,Kolkata,Chennai,16,6547.0
2026-10-15,AirAsia,Chennai,Bangalore,40,5231.0
2026-10-11,SpiceJet,Hyderabad,Kolkata,36,4602.0
2026-10-16,Vistara,Hyderabad,Chennai,41,5952.0
2026-10-24,SpiceJet,Mumbai,Hyderabad,49,3943.0
2026-10-10,GoFirst,Bangalore,Kolkata,35,3903.0
2026-09-14,GoFirst,Chennai,Mumbai,9,6744.0
2026-09-07,Indigo,Chennai,Mumbai,2,9082.0
2026-10-03,Vistara,Chennai,Mumbai,28,8057.0
2026-10-01,SpiceJet,Kolkata,Delhi,26,7131.0
2026-09-26,Vistara,Hyderabad,Chennai,21,9276.0
2026-09-27,Vistara,Mumbai,Delhi,22,9891.0
2026-10-20,Indigo,Kolkata,Mumbai,45,3021.0
2026-10-01,Vistara,Hyderabad,Bangalore,26,10249.0
2026-09-16,SpiceJet,Bangalore,Kolkata,11,6799.0
2026-10-19,GoFirst,Mumbai,Delhi,44,4887.0
2026-10-20,Indigo,Delhi,Chennai,45,5939.0
2026-09-25,Air India,Hyderabad,Delhi,20,8348.0
2026-10-08,Indigo,Kolkata,Delhi,33,5319.0
2026-09-13,GoFirst,Kolkata,Mumbai,8,5629.0
2026-10-15,Vistara,Chennai,Kolkata,40,8285.0
2026-09-12,Air India,Bangalore,Delhi,7,
2026-09-27,GoFirst,Chennai,Bangalore,22,6429.0
2026-09-21,Indigo,Bangalore,Mumbai,16,8585.0
2026-10-17,AirAsia,Bangalore,Hyderabad,42,4230.0
2026-10-01,SpiceJet,Delhi,Chennai,26,5778.0
2026-10-11,Vistara,Bangalore,Chennai,36,10299.0
2026-09-18,SpiceJet,Bangalore,Hyderabad,13,7622.0
2026-09-07,Air India,Chennai,Mumbai,2,11952.0
2026-09-29,AirAsia,Delhi,Chennai,24,7668.0
2026-10-23,SpiceJet,Delhi,Hyderabad,48,5633.0
2026-09-19,SpiceJet,Chennai,Delhi,14,5990.0
2026-10-22,Air India,Hyderabad,Kolkata,47,4166.0
2026-10-02,GoFirst,Bangalore,Hyderabad,27,4577.0
2026-10-11,Air India,Hyderabad,Delhi,36,6666.0
2026-10-22,AirAsia,Hyderabad,Mumbai,47,4211.0
2026-09-07,Air India,Hyderabad,Bangalore,2,9593.0
2026-09-20,Vistara,Delhi,Chennai,15,10447.0
2026-09-30,Air India,Chennai,Delhi,25,8060.0
2026-09-26,AirAsia,Chennai,Bangalore,21,5219.0
2026-09-30,GoFirst,Delhi,Hyderabad,25,6898.0
2026-10-04,Vistara,Kolkata,Chennai,29,10430.0
2026-10-13,Indigo,Delhi,Mumbai,38,6110.0
2026-09-21,AirAsia,Hyderabad,Bangalore,16,5585.0
2026-10-10,GoFirst,Kolkata,Hyderabad,35,4934.0
2026-09-21,Vistara,Kolkata,Hyderabad,16,9594.0
2026-10-01,Air India,Kolkata,Hyderabad,26,10116.0
2026-09-06,SpiceJet,Mumbai,Hyderabad,1,7293.0
2026-09-30,SpiceJet,Chennai,Bangalore,25,7521.0
2026-09-20,Vistara,Kolkata,Chennai,15,11550.0
2026-09-06,Vistara,Bangalore,Hyderabad,1,15531.0
2026-09-24,SpiceJet,Mumbai,Bangalore,19,6311.0
2026-10-03,GoFirst,Delhi,Chennai,28,6530.0
2026-10-16,GoFirst,Bangalore,Delhi,41,3788.0
2026-10-22,SpiceJet,Chennai,Mumbai,47,3362.0
2026-10-23,GoFirst,Delhi,Hyderabad,48,4382.0
2026-10-17,Indigo,Hyderabad,Mumbai,42,6609.0
2026-09-26,Air India,Mumbai,Bangalore,21,8971.0
2026-09-07,Air India,Mumbai,Delhi,2,9380.0
2026-09-15,Vistara,Hyderabad,Kolkata,10,12995.0
2026-10-21,GoFirst,Hyderabad,Chennai,46,2514.0
2026-10-23,AirAsia,Mumbai,Chennai,48,5406.0
2026-09-14,SpiceJet,Mumbai,Hyderabad,9,7256.0
2026-10-14,AirAsia,Bangalore,Hyderabad,39,4693.0
2026-10-07,Air India,Kolkata,Chennai,32,6534.0
2026-09-08,AirAsia,Kolkata,Mumbai,3,7267.0
2026-09-21,Vistara,Delhi,Mumbai,16,13078.0
2026-10-10,GoFirst,Bangalore,Mumbai,35,4711.0
2026-10-07,AirAsia,Bangalore,Kolkata,32,
2026-10-21,Vistara,Delhi,Hyderabad,46,7222.0
2026-09-10,Indigo,Mumbai,Bangalore,5,10447.0
2026-09-20,SpiceJet,Mumbai,Delhi,15,5922.0
2026-09-07,AirAsia,Hyderabad,Kolkata,2,8997.0
2026-09-22,AirAsia,Mumbai,Bangalore,17,5203.0
2026-09-27,SpiceJet,Kolkata,Chennai,22,7849.0
2026-10-02,Vistara,Hyderabad,Bangalore,27,11546.0
2026-09-17,Vistara,Mumbai,Chennai,12,12402.0
2026-09-26,GoFirst,Chennai,Bangalore,21,6558.0
2026-10-07,Air India,Chennai,Kolkata,32,6276.0
2026-09-12,AirAsia,Hyderabad,Delhi,7,8453.0
2026-09-26,SpiceJet,Mumbai,Delhi,21,6988.0
2026-09-16,Indigo,Hyderabad,Kolkata,11,9048.0
2026-09-17,Vistara,Chennai,Delhi,12,12021.0
2026-09-12,Air India,Mumbai,Delhi,7,11337.0
2026-10-19,Indigo,Hyderabad,Kolkata,44,5046.0
2026-10-08,Indigo,Mumbai,Bangalore,33,7310.0
2026-09-11,SpiceJet,Kolkata,Bangalore,6,7495.0
2026-10-06,Indigo,Hyderabad,Chennai,31,7704.0
2026-09-14,Vistara,Kolkata,Chennai,9,12783.0
2026-10-22,Air India,Mumbai,Bangalore,47,7487.0
2026-09-15,Indigo,Bangalore,Kolkata,10,6873.0
2026-09-16,Air India,Hyderabad,Mumbai,11,9686.0
2026-10-11,GoFirst,Chennai,Mumbai,36,3561.0
2026-09-15,Vistara,Chennai,Mumbai,10,13714.0
2026-10-17,GoFirst,Delhi,Kolkata,42,5287.0
2026-10-16,Vistara,Delhi,Bangalore,41,9934.0
2026-10-24,GoFirst,Delhi,Bangalore,49,4200.0
2026-10-16,Indigo,Kolkata,Chennai,41,7111.0
2026-10-17,Indigo,Delhi,Hyderabad,42,4782.0
2026-09-29,Indigo,Kolkata,Hyderabad,24,6506.0
2026-10-20,AirAsia,Bangalore,Hyderabad,45,4307.0
2026-10-19,Indigo,Chennai,Bangalore,44,5956.0
2026-09-18,Vistara,Bangalore,Kolkata,13,11139.0
2026-09-24,Indigo,Mumbai,Delhi,19,5978.0
2026-09-24,Indigo,Delhi,Hyderabad,19,7555.0
2026-10-05,Vistara,Kolkata,Bangalore,30,12276.0
2026-09-23,Indigo,Hyderabad,Kolkata,18,6507.0
2026-09-12,Indigo,Bangalore,Chennai,7,9060.0
2026-10-07,GoFirst,Mumbai,Hyderabad,32,5075.0
2026-09-18,AirAsia,Bangalore,Mumbai,13,8366.0
2026-09-15,Indigo,Mumbai,Chennai,10,8366.0
2026-10-01,Indigo,Mumbai,Bangalore,26,7942.0
2026-09-21,SpiceJet,Mumbai,Delhi,16,6894.0
2026-09-20,GoFirst,Chennai,Kolkata,15,7071.0
2026-09-11,AirAsia,Bangalore,Chennai,6,7057.0
2026-09-19,GoFirst,Bangalore,Kolkata,14,5520.0
2026-09-17,GoFirst,Mumbai,Delhi,12,7901.0
2026-10-21,Air India,Kolkata,Delhi,46,5493.0
2026-10-02,Air India,Kolkata,Mumbai,27,6998.0
2026-09-25,Indigo,Bangalore,Kolkata,20,7885.0
2026-09-11,Vistara,Bangalore,Chennai,6,14310.0
2026-10-13,Vistara,Kolkata,Mumbai,38,6275.0
2026-10-11,Air India,Bangalore,Chennai,36,7887.0
2026-09-22,Air India,Mumbai,Hyderabad,17,9630.0
2026-09-26,AirAsia,Hyderabad,Chennai,21,6079.0
2026-10-15,SpiceJet,Mumbai,Kolkata,40,3691.0
2026-09-26,Indigo,Chennai,Hyderabad,21,5779.0
2026-09-30,Indigo,Bangalore,Kolkata,25,8111.0
2026-09-12,SpiceJet,Bangalore,Mumbai,7,7064.0
2026-09-07,SpiceJet,Mumbai,Bangalore,2,8438.0
2026-09-19,Indigo,Hyderabad,Kolkata,14,8981.0
2026-10-01,GoFirst,Bangalore,Mumbai,26,4840.0
2026-10-09,SpiceJet,Chennai,Bangalore,34,5741.0
